minute,cpu_usage,cpu_smoothed
14,20.290402702,486.42720598894005
15,2340.914931853,510.60030143719996
16,23.069767649,510.0600696027999
17,16.63472956,509.8536146007999
18,20.21911959,484.2257902707999
19,37.547805922,487.67727091480003
20,2276.262401269,474.746764798
21,24.214033067,474.9756178816
22,22.010430049,476.0507579794001
23,118.704914907,495.74791704280005
24,80.005677743,504.23949140699995
25,2932.40490284,635.4679917212
26,18.54723543,634.3346321938
27,32.51564772,636.435675728
28,22.68653478,617.2319997026
29,19.955180748,605.2219003036
30,2734.607340594,565.6623878544
31,16.75469514,565.3038797964
32,21.407141091,563.0821784706001
33,20.23098952,562.5910694186
34,20.396163421,562.6792659532
35,2640.603781139,543.8785540622
36,421.8964763294,624.90691030008
37,246.5399386477,669.9334698114201
38,25.74819343,671.03691059342
39,18.62908318,670.68349454522
40,2658.295041396,674.22174659662
41,66.0355462707,603.0495605848799
42,72.831268731,568.3078266015401
43,19.85091332,567.1283705795402
44,26.00669514,568.6038929715401
45,2322.569623626,501.45880941754
46,28.70041295,493.9917827534001
47,29.785811441,485.38269129540004
48,18.190867886,485.05068220860005
49,13.04239571,482.4578223226
50,2331.402923091,484.2244822156
51,17.457549042,481.975909434
52,14.02871837,478.82449081979996
53,13.49919153,477.88615554859996
54,13.38583738,477.9548438826
55,2512.069559235,514.0881711114
56,13.25867984,513.2483972709999
57,26.01771319,515.6461962349999
58,13.21622807,515.589603543
59,57.59206117,524.430848301
60,2705.482790571,563.1134945681999
61,9.19892486,562.3015435722
62,11.87328164,559.4726572622001
63,10.686591095,558.9667298672
64,17.336263067,550.9155702465999
65,2626.406300237,535.1002721798
66,17.928857753,536.8462587584
67,17.65979711,538.0035618524
68,20.128041738,539.891851981
69,16.229572122,539.670513792
70,2499.079249293,514.2051036032
71,17.388065762,514.096945205
72,15.022160378,513.5694178585999
73,72.68056229,524.079921969
74,12.452230861,523.3244537168
75,2369.1461196747,497.33782779314
76,19.99458553,497.85913174674
77,15.425450321,497.93978973534
78,16.43864333,486.69140594333993
79,16.89607704,487.58017517914004
80,2184.372969906,450.62554522540006
81,124.56983043,471.5405942054
82,32.030459461,474.8615960334
83,41.45559497,479.86498636140004
84,14.485737883,479.38291853
85,2136.351596026,469.77864375400003
86,16.539244771,448.17252662220005
87,13.346001885,444.43563510700005
88,14.491929361,439.04290198520005
89,13.863598659,438.9184741404
90,1998.734705694,411.395096074
91,17.167914754999998,411.5208300708
92,19.6498258837,412.78159487054
93,20.15795117,413.91479923234
94,22.66522222,415.6751239445401
95,1960.5023327817,408.02864936208005
96,23.03085647,409.20123770507996
97,112.18292109,427.7078567463401
98,15.02930011,426.68212653434
99,16.92851888,425.53478586634003
100,2038.062497391,441.0468187882
101,16.60626246,439.76189998620004
102,21.11974574,421.5492649162
103,29.46090643,424.43558618020006
104,20.04025723,425.0579338502001
105,1983.639199767,414.17327432540003
106,15.65331407,413.98268464740005
107,18.84927997,413.52859149340003
108,17.2684937,411.09010894740004
109,18.67997276,410.8180520534
110,2061.832841156,426.45678033120004
111,20.399560526,427.4060296224
112,49.614893556,433.55915233959996
113,80.928794307,446.29121246099993
114,21.854940771,446.92620606319997
115,2219.641368459,478.4879115238
116,24.75638792,479.3592770026
117,18.45429322,473.12715693539997
118,28.52230556,462.64585918599994
119,19.06894667,462.0886603657999
120,2198.069441682,457.77427501039995
121,20.560094668,456.9350163599999
122,20.128530207,457.2698637574
123,19.148340541,455.39507075359995
124,19.459307751,455.47314296979994
125,2159.928372408,447.8449291149999
126,29.870649833,449.70704014799986
127,19.59897475,449.6011290565999
128,23.672082933,450.50587753499997
129,20.405278133,450.6950716113999
130,2273.94976487,473.4993501037999
131,29.194082166,473.3640365703999
132,27.197991463,474.88383991299986
133,21.13426243,474.37627581239985
134,16.34277738,473.5637756617999
135,2255.560262829,469.8858752535999
136,97.929154491,483.6328897185999
137,40.82632377,486.3585561799999
138,23.237604179999998,486.77922452999985
139,23.095011368,488.12967132759985
140,2311.555486485,499.3287160587999
141,16.11763214,482.96641158859984
142,15.47419015,477.8959848645999
143,50.56380743,483.36122551459994
144,54.86819276,489.71586179299993
145,2161.712451786,459.74725485319993
146,54.96729247,467.51718691919996
147,22.3424473557,468.89083836033996
148,21.267060327,463.0314889397399
149,18.33928536,455.72570745973997
150,2136.530471877,450.6893114779399
151,20.56780724,443.80941443193996
152,15.508211,442.4425671607999
153,13.12357959,440.8138710134
154,15.344069750000001,440.2148278913999
155,2099.815525121,432.8718385402
156,14.333908496,431.6250587913999
157,17.46086893,432.0155903774
158,19.05764872,433.20240420339996
159,14.27108138,432.98780652939996
160,2110.450875525,435.11487661019993
161,18.71454534,435.9910039789999
162,23.77664011,437.2541582149999
163,17.78840329,437.00030912899985
164,16.635479977,437.4731888483999
165,2042.011040511,423.7852218455999
166,12.62486893,422.5672865635999
167,10.568753595,419.9257092605999
168,10.78841826,418.52571225459997
169,20.36559968,419.2717361951999
170,2023.002862081,415.4701005092
171,21.89387867,417.3239024571999
172,21.202188615,419.4505894611999
173,15.0702734,420.3069604891999
174,12.036801937,418.6412009405999
175,2154.625920406,444.9658126056
176,11.86390258,442.95981738759986
177,14.25030131,441.5694399265998
178,74.29505604,453.41439645459997
179,21.24577461,455.25619098919987
180,2278.897640594,480.1105350267999
181,11.91677417,480.1211093447999
182,13.71524966,480.01409901479985
183,15.994123293,468.35391246539984
184,13.580569301999999,466.8208714037999
185,2168.27732121,444.69680752699986
186,12.17042745,444.74753818299985
187,10.859090988,444.1763064485999
188,11.152945916,443.2080709731998
189,11.1110229,442.71416169279985
190,2201.142505038,449.28719845839976
191,12.75791042,449.4046950523998
192,11.543378268,449.5415525083998
193,11.607573783,449.6324780817998
194,13.3371593337,450.0777053685398
195,2205.9972225427,451.0486488694798
196,15.101747555,451.51741629647984
197,12.93686089,451.7961128208798
198,14.27938981,452.3304760262798
199,14.529149737000001,452.5688741069398
200,2191.289356404,449.6273008791998
201,10.89600492,448.7861523521998
202,12.47448747,448.69367766819977
203,10.11803699,447.86140710419977
204,13.780189363,447.71161502939987
205,2165.606399444,442.57502363739985
206,64.4267116541,453.28116498421986
207,92.24660993,469.23558947621984
208,35.480081108,474.3079982998199
209,32.765384682,478.1050373636198
210,2221.0242985497,489.1886171847597
211,33.030770743,482.90942900253975
212,35.76635435,471.61337788653975
213,31.46807516,470.81097669693975
214,24.808068677,469.21951349593974
215,2171.522750748,459.3192039355998
216,25.69483987,457.85201776099973
217,20.774597532,454.85366639739976
218,23.38630083,453.23731153139977
219,19.500658829,452.1758295617998
220,2132.387236303,444.3487266727998
221,27.94468313,444.7986953247998
222,28.63753935,446.3712836883998
223,23.309759099,446.35597534219977
224,30.1562894717,448.4871014707398
225,2112.456067887,444.50086778753973
226,10.702667339,441.05246462933974
227,12.570648906,437.83908654053977
228,32.34160737,439.6454561947397
229,68.43162602,447.30052350439973
230,2145.083542263,453.82601837959976
231,22.079107096,456.1013063309997
232,23.416057607,458.2703880711997
233,66.1395422247,465.0299750421397
234,17.549355979,454.8535210339398
235,2116.180676021,449.0729477855399
236,15.147793043,447.6866849749399
237,40.2190708357,451.0472876206798
238,51.282881786,448.0759555329399
239,42.06008873,452.97810208313985
240,2187.934132874,467.3287934537399
241,13.931483062,467.08553145753984
242,26.540701743,464.3498576389999
243,47.232159669,463.53971321559993
244,35.93246742,462.31418895359985
245,2103.531254307,445.4336132401998
246,22.53768664,447.1548539557998
247,18.90019963,445.6267535331998
248,25.540979932,441.28851758579975
249,20.71646517,438.24531713579984
250,2137.869558469,445.1129779681998
251,22.063240028,445.0180886457998
252,16.96012575,444.6300738697998
253,16.65451694,442.8527812713998
254,23.21684449,443.3528571353998
255,2114.787397206,438.73642488279984
256,26.9512147,439.7140198171998
257,26.50359354,441.62271337519985
258,18.45323748,441.98245748319977
259,18.283854819,440.9958595489999
260,2011.259025866,420.2901852809999
261,23.621124295,419.6241671999998
262,15.405521806,417.4045528531998
263,12.198247545,416.15355486619984
264,35.46619804,419.5900235103998
265,2186.351620797,454.60854249659985
266,18.606360883,453.6055898141998
267,88.240675963,468.17262064559975
268,21.628111096,470.0585933557998
269,17.85353775,466.53606129779973
270,2078.328687941,444.93147472659973
271,46.9409442,450.5983913899998
272,45.21268642,441.9927934813998
273,44.11568213,446.4903076881998
274,21.08307607,447.1362153521998
275,2190.997136433,469.66990505059977
276,22.25003828,464.73172386659974
277,14.91975495,458.6731375725997
278,19.14520323,453.6790417925998
279,17.38813129,452.9400528365997
280,2132.063250349,441.15327561979973
281,21.2697624457,440.9572204529398
282,21.88463257,442.3501959769398
283,14.81369219,441.48389376893977
284,15.11323553,441.0289146169397
285,2045.973445892,423.8109537255397
286,13.66847055,422.29069534639973
287,14.334599773,420.7806887869997
288,13.511565168,420.52026338259964
289,18.98528182,421.29467264059974
290,1993.427109615,410.78540538519974
291,18.83196137,411.8181035491997
292,17.709012387,412.4929860719997
293,20.56672902,413.9040188423998
294,23.945764959999998,414.89611547039976
295,2023.8862933,420.98795220739976
296,11.36041828,419.49364358939977
297,14.0597879,418.76379869199974
298,9.72041829,416.59453654599963
299,17.90966221,415.3873159959997
300,2054.404272089,421.4909117537998
301,17.95247815,422.8093237277998
302,20.48370833,424.0941078137997
303,12.338881999,424.61780055559973
304,16.71287269,424.3784426515998
305,2104.97209198,434.49200662979985
306,10.11774731,432.9250604617999
307,13.30905668,431.49013013179984
308,14.01391658,431.8251370479999
309,14.03475924,431.2895143579998
310,2100.555453723,430.4061867065998
311,12.65088344,430.91281393259976
312,14.503914870000001,431.1517855705998
313,14.616879456,431.27237814579973
314,21.5180181,432.7690299177998
315,2049.3816652897,422.53427223113977
316,15.54676726,423.1134489951397
317,20.13588004,424.2398420291398
318,53.49873387,432.01621291193976
319,16.265318348,430.9656729615398
320,2214.882540575,464.0658480185998
321,36.097074058,468.1759093781999
322,42.7820669657,472.70514676333977
323,75.16440185,477.03828035933986
324,29.595156888,479.7042480673398
325,2034.535998282,443.63493960873984
326,9.56113439,438.32775167513984
327,29.7668095,435.7247001819998
328,58.240966346,432.34001308119986
329,26.052073551,431.63139641379985
330,2139.7714299914,452.67848275567985
331,13.82594903,453.53144568367986
332,23.37015428,452.2521146396799
333,14.2870684937,443.4613350692198
334,16.167866558,441.4844936706198
335,2095.2614509387,432.5824978600798
336,17.23421667,433.26415138807977
337,16.841514426,431.95842341727973
338,15.5143707037,432.2038838592798
339,14.661861762,431.9026829000798
340,2167.3670279961,446.32379831155987
341,17.8374396274,446.4444429030398
342,22.6040827037,447.59695655857985
343,15.1124051437,447.5165634465799
344,26.717624129,449.9277159199799
345,2145.478794905,445.5500693017599
346,34.013274037,448.7852361836799
347,14.447970947,447.15401383233996
348,19.674788556,448.0664905147999
349,11.94072762,445.11111121299984
350,2076.071437073,431.2296396465998
351,14.168272141,427.2606392673999
352,13.938671526,427.1587793831998
353,16.26862298,426.47754626799986
354,22.442457912000002,428.5778923263999
355,1968.721516974,407.1079083065998
356,11.90846193,406.6559462643998
357,11.110458269,406.0903036129998
358,9.40230948,404.7170409129998
359,11.735004062,402.5755501429998
360,1995.38496279,407.9082393061998
361,16.85221872,408.89699066419985
362,146.641015019,436.0031020141998
363,24.824123863,439.0874648907999
364,24.19901534,441.5802671463998
365,2085.593350245,459.6219446373998
366,17.288649746,459.70923084259977
367,12.402614483,432.86155073539976
368,15.725784779,431.0418829185998
369,11.57991559,428.5180629685998
370,2149.514448081,441.3022825357998
371,35.776923571,444.99993730079984
372,21.349051766,446.78922475739984
373,27.116590831,449.0673859677998
374,17.919583922,450.33531963419983
375,2101.21081063,440.67459214399986
376,22.16411238,437.9520299057998
377,14.996575876,436.6815347277999
378,18.46058754,434.95033406959993
379,15.09308967,434.38503521919984
380,1982.586371092,410.66014731159976
381,27.73760581,411.7748459975998
382,12.772507597,411.3300323417998
383,16.529087808,410.9437323953998
384,18.32897041,411.59090854339985
385,1861.059280333,387.28549039159986
386,22.807859435,386.2995411165998
387,15.593085575,386.8636567121998
388,24.83972852,388.52578485459986
389,17.095399667,388.2790707059998
390,1873.052009357,390.6776165107998
391,20.06493732,390.1290320877998
392,14.69612343,389.9496396587998
393,19.669861625,388.9156662797998
394,21.722692117,389.8411247697999
395,1931.898178793,401.61035865699984
396,21.496793315,401.89672985599987
397,18.826230462999998,402.72275126259984
398,16.53032114,402.09484316559985
399,14.48148107,400.6466009561998
400,1944.796218859,403.2262089693998
401,18.97864892,402.7225800903998
402,62.58585508,411.4745050137998
403,35.61897913,415.29223661179975
404,13.89567019,415.1750744357998
405,1959.543635997,418.1245578633998
406,14.58115177,417.2450584333998
407,17.922521531,408.3123917235998
408,10.88768999,403.3661338955998
409,8.31464269,402.2499283955998
410,2023.021154615,414.94543211919984
411,9.574842062,413.9441701775998
412,22.64877041,414.88941995339974
413,13.76736109,415.4653541733998
414,11.05028315,416.01248226539985
415,1923.574545696,396.1231604815998
416,11.839682589999999,396.57612858719983
417,13.49621726,394.74561795719984
418,11.814421885,394.3550301161998
419,9.322073699,394.0093882259998
420,2086.7664696767,426.64777302213986
421,13.753096386,427.0304557813398
422,12.649075613,426.86102745193983
423,21.95781988,428.8897070509398
424,14.774730117,429.9802383345397
425,2069.3628323,426.49951085919963
426,18.13063036,427.37501765399963
427,20.99134972,429.04347247539965
428,44.96582486,433.6450734713996
429,69.5775168397,444.6056308159397
430,2130.641111847,456.86128672533977
431,18.606917971,456.95654424753974
432,16.606888866,456.07965207673976
433,13.357438028,449.75797471033985
434,44.466843122,444.73583996679974
435,2151.7768238877,448.96298237493977
436,39.925443864,453.2266875535398
437,18.918043681,453.68891851653973
438,18.38560346,454.6945516029397
439,19.64828003,449.7308389845398
440,2061.626277934,431.7007297937997
441,16.545305847,427.0247021903997
442,16.05927393,426.45294824019976
443,11.8519948,425.14622650819973
444,12.01095441,423.61876138419973
445,1980.917142433,407.4769342839997
446,28.255213807,409.81891587599966
447,30.16893503,412.64084809599973
448,47.49132692,419.7687145199998
449,18.027246513,420.9719729405997
450,1994.581955716,423.7049355971998
451,42.205106797,426.4949141951997
452,159.06586685,452.2743005591998
453,29.280761456,448.6321874663998
454,20.763445159,449.1794271955997
455,2127.482498015,475.75953565539965
456,36.05722285,474.52995886599973
457,99.0353237937,462.5238502547398
458,42.58878163,465.18545428953973
459,22.89077039,465.6109193357398
460,2218.801542955,483.87472832373976
461,22.43237503,481.14975875973977
462,23.834008161,466.10949563319974
463,25.16981829,462.6257029651998
464,25.899911506,463.2275311883997
465,2290.99889053,477.66700070339976
466,16.614675753,476.50346084799975
467,15.121625083,474.7609842323997
468,33.67291079,476.46160273239974
469,18.01678661,474.88497775319973
470,2290.8662012,474.8584398871997
471,16.84214739,474.90393421459964
472,16.156948383,475.1109988745998
473,24.30691252,473.23779922059975
474,23.24504212,474.2834503225998
475,2387.7390984657,493.65802977573975
476,182.558337373,526.8012677723398
477,103.600583618,544.2899948193397
478,55.10179215,550.4489707453397
479,62.771999987,558.3543623187397
480,2507.302609345,582.2670644945997
481,54.395363328,556.6344696855997
482,52.850085437,546.4843700493998
483,33.13041654,542.0900949273997
484,24.504157275,534.4365263849998
485,2425.897099716,518.1554244591997
486,18.06812397,510.8899765875998
487,18.66246463,504.0524524261997
488,35.59169776,504.5447086701997
489,18.43450048,503.33077731119977
490,2477.7794302767,513.7072434233398
491,18.27235202,513.7480890333397
492,21.741222953,514.3638406979397
493,31.76082025,513.5976651959397
494,17.207009605,513.3521670209398
495,2400.2920646227,497.8546938901397
496,20.22829579,498.24588264413967
497,14.45641258,496.78892056953975
498,14.321213310000001,493.30099918153974
499,35.51571113,496.9627394865397
500,2471.7311940777,511.2505653775397
501,22.68956224,511.7428186675397
502,13.67951442,511.58743903553966
503,16.763198648,512.0758361031396
504,14.128205109,507.79833489893974
505,2361.173531067,485.6868022967998
506,12.70169755,483.6892293587997
507,10.82201363,483.11772920079983
508,16.00377013,482.9658434971998
509,20.90933978,484.32207043139977
510,2343.775448994,480.8424540167997
511,16.58672864,481.6194602347997
512,16.245345359999998,482.70412658079965
513,15.77905621,482.6591837967997
514,17.75136555,482.02758895079967
515,2293.412187961,471.95493674419976
516,14.946169572,471.6268249305998
517,10.94679633,470.5671151245998
518,11.00193068,469.6116900185998
519,12.018413205,468.46509954959976
520,2336.251762729,477.0330145031997
521,11.69531006,476.3828426007996
522,11.34412419,476.4623081727997
523,15.741632972,477.41024863119964
524,15.16429932,478.03942585419975
525,2315.394360354,473.8679453791998
526,9.96971113,473.52282559319985
527,7.93802896,472.84160654719983
528,12.89719628,472.27271920879986
529,9.78631396,471.19712213679975
530,2526.21584526,513.3614191179997
531,16.3072867487,514.6289342417397
532,17.214955297,516.4843195091397
533,12.04303056,516.3134863651397
534,12.537051838,516.8636339407398
535,2302.721169916,472.1646988719397
536,11.8234238,471.2679262821997
537,9.927238235,469.81038286979975
538,9.25431214,469.2526391857997
539,12.51151133,469.24753108419975
540,2356.529460082,480.0091891173997
541,159.9665585857,509.6378160745397
542,293.563233193,566.3650150661397
543,85.8580351,581.6857596581397
544,91.08723171,597.4009037341397
545,2403.045310223,606.7040737623397
546,23.690542647,579.4488705745996
547,14.27090296,523.5904045279997
548,16.551832131,509.72916393419973
549,16.55714993,494.82314757819967
550,2658.1765520087,545.8493959353398
551,16.46753498,544.4047944019397
552,20.09623514,545.5698608379397
553,15.970367047,545.4535678211398
554,19.9315014737,546.1284381298798
555,2798.6062340987,574.2143745478797
556,25.0848335337,575.9378342586198
557,25.191288819,576.9568449944197
558,25.2460570327,578.8119829915597
559,28.317142105,580.4891111178197
560,2607.3333961564,542.2345435293597
561,34.796719698,544.1769207622197
562,26.2936107517,544.3973851487597
563,26.300881282,544.6083499986197
564,29.89613966,544.9241495096197
565,2378.214909538,499.1004521859398
566,22.363174433,496.6137431329398
567,18.560661214,495.06715322539975
568,17.649933813,493.33696373159984
569,16.287103666,490.61515653279974
570,2211.383725989,457.24891982299977
571,14.867473222,455.7497795807998
572,21.57319608,456.35228655399976
573,25.20649641,457.86359907339977
574,26.95567955,459.99731425019974
575,2223.092052072,462.33897946679974
576,18.20673273,463.00683136839973
577,31.947627615,465.0817176753997
578,18.4953673,463.7394918533997
579,17.29746242,461.8078484273998
580,2346.027007932,486.3948395993997
581,24.063231875,487.56613942839965
582,17.39236722,484.65508734939965
583,41.546384958,489.2652908809997
584,62.736650552,498.3531285073997
585,2350.131087442,499.1739444093997
586,17.75572299,497.9124426323997
587,17.901595857,498.01428835979976
588,21.538505072,494.0127123825997
589,15.86232826,484.6378479241997
590,2316.175188435,477.84666812279977
591,15.04671098,477.3048657207998
592,15.8827379,476.9010941293997
593,13.86055796,475.3655047069998
594,13.92651236,474.97834152699977
595,2244.180780153,460.57945987059975
596,13.778238387,460.3257653519997
597,13.24619273,459.7984563179997
598,50.31918609,467.09018194399977
599,25.22513788,469.34990704799964
600,2310.028448987,482.5194408147997
601,14.91509989,482.74681311539973
602,12.922849547,482.6821444787997
603,15.79000311,475.77630788279964
604,16.07522901,473.9463261087996
605,2292.750542065,470.49074472439963
606,45.573318947,476.62238853579964
607,27.89750804,479.61732023439953
608,14.94115442,479.44755049639963
609,15.065118565,479.2455284073996
610,2372.952432046,495.2859064035996
611,13.412909191,488.8538244523996
612,13.32800647,485.9399241383997
613,11.55699513,485.26309228039963
614,13.83745306,485.01755917939965
615,2391.374878371,488.70204844439957
616,16.420879933,489.3036425927996
617,15.646187251,489.7672787489995
618,13.461166379,490.14811299879955
619,13.99331385,490.1792851567996
620,2390.1569106487,489.9356916123396
621,16.914153378,490.0343463013396
622,28.522078660000002,492.60952458313966
623,18.010177856,493.5193268785397
624,12.74151382,493.26896687253964
625,2316.388489399,478.5152826225996
626,64.24601651,487.9816552489997
627,24.28896409,487.1350323349996
628,16.96583032,486.92616282779954
629,20.82522929,488.5429059217996
630,2323.295827068,489.92437345559966
631,10.870184707,479.24920709499963
632,8.35454647,476.0623235709997
633,12.562891463,475.18173579959966
634,11.8675296317,473.39019586793967
635,2264.267580321,461.58454651853964
636,18.93178629,463.19686683513964
637,21.82118999,465.8901955391396
638,15.0215913247,466.3819355114797
639,140.3020047064,492.0688305264196
640,2194.840102525,478.1833349672196
641,56.815772625,485.7601322342196
642,151.29355873,511.6546059822196
643,133.58616859,535.3675214352795
644,114.87333054,530.2817866019997
645,2928.4003957587,676.9938452487397
646,111.77497499,687.9856857217396
647,30.322979534999998,663.7915698827397
648,23.068737965,641.6880837577397
649,22.72695028,623.2588077057396
650,3170.6239507187,671.7035186977397
651,34.279978875,656.2045194747396
652,50.4159816637,660.2231199004797
653,36.284799941,662.8663322956797
654,25.608585543,663.4426593482797
655,3124.294011494,654.1766715033397
656,31.658217106,653.6523191495396
657,41.755903933,651.9203036033996
658,62.297762212,657.1228960575996
659,59.509575502,663.9030940493997
660,3145.1935491377,668.0830015781396
661,41.8822419987,670.1278065566796
662,23.3320711987,666.4430400098197
663,32.502820928,660.4840517530197
664,21.72232597,652.9266018466196
665,2747.510121675,573.3899163540797
666,35.242027712,572.0618734967396
667,40.495653966,575.4945900501997
668,24.553940454,573.9048139553996
669,19.196530054,573.3996547721997
670,2378.0668860279998,499.51100764279965
671,28.565759626,498.1757540255996
672,20.52113039,494.1808493103996
673,20.9929596,493.4686531395996
674,19.888434737,493.60703407619957
675,2268.053894999,471.60443587039964
676,16.805170314,469.25231800799963
677,22.036751002,469.5554421303997
678,22.6531537,469.88748095039966
679,24.06908128,470.72361025899966
680,2251.311507654,467.3751327899996
681,25.013026928,469.0167041127996
682,22.477122282,469.10477836879954
683,25.01609892,469.5773674127996
684,28.13047405,470.3896459667996
685,2283.265401597,476.7804247553997
686,35.8258499617,478.9429893621397
687,29.575274929,480.36261989153974
688,87.118034509,492.7830070093397
689,48.379099013,496.8327320019397
690,2395.863340092,519.3523197009397
691,35.745733113,519.3362963311996
692,51.471456448,523.7155326349996
693,36.392076982,513.5703411295997
694,28.57152672,509.6088266709996
695,2356.923899975,501.82093864759963
696,35.940185899,501.85982920479967
697,46.841971797,500.93393227459967
698,41.2239499271,501.9003068636196
699,42.27071108,504.6401437356197
700,2369.091183721,507.0736004848197
701,52.183740128,510.3223113306197
702,30.721743972,507.0982657656197
703,24.0589128637,503.6652583529397
704,47.329956339,504.6771074047397
705,2360.8217868117,503.0232280228796
706,48.1846174634,502.22340348995965
707,71.0070402467,510.28046274489964
708,45.688584792,514.6063971305596
709,22.460837542,509.63257337115965
710,2361.957051569,509.8596263226197
711,31.947538273,506.61221048453973
712,83.359470829,509.08269660099967
713,43.039766174,508.5529328773997
714,31.563096709,510.37338471079966
715,2284.3634950269998,494.85467340239956
716,21.26968162,492.7191020717995
717,26.766813188,481.4005705435996
718,42.474785614,481.2875744315996
719,25.25557903,480.0260708957996
720,2298.656263716,482.8846246335996
721,17.563702521,482.14342881379963
722,17.605503678,480.31116691179966
723,21.261444037,476.0684985963997
724,17.2819328107,474.4737693525396
725,2298.747549345,474.49202647833965
726,22.270461645,475.43337830313965
727,28.63930517,477.64013860153955
728,18.937382575,477.1753263091397
729,14.904453313,476.6998304095997
730,2355.325700257,488.0154605919996
731,20.5777161147,487.67691148593957
732,29.625395233,487.8741294985397
733,18.22337707,487.73132839753964
734,16.743039296,488.0990455941396
735,2327.270821486,482.4880698399396
736,19.89529147,482.35158491099963
737,17.1743775507,479.86138137453963
738,16.46686251,479.5100784625396
739,17.684819159,479.69843443513963
740,2326.78322099,479.6009143359396
741,22.348107848,480.09147761153963
742,14.1704031,479.4906827213996
743,15.996590051,479.3966282295996
744,18.242553768,479.5081751513996
745,2349.351518255,484.02183460439966
746,16.02541255,482.75729554479966
747,36.08084208,487.13938334079967
748,19.24952567,487.7899704645996
749,19.635050181,488.06846974719963
750,2331.785854921,484.5553370803997
751,14.466548052,484.2435641807996
752,15.347101993,480.0968161633997
753,14.306749243,479.10826087799967
754,18.759200829,478.9330910075996
755,2346.796674698,481.93525496299964
756,14.482911683,481.9385276891997
757,19.85604047,482.8403153845996
758,16.727222254,483.3244099867996
759,17.9874392,483.17005766099965
760,2625.6472204854,538.9401668184796
761,22.777875843700002,540.5991596506195
762,13.66842027,539.3616356106197
763,17.050301427,539.4262514452196
764,17.839385267,539.3966406586196
765,2831.046365143,580.4764695901397
766,29.23809477,581.7685133753996
767,18.58031115,582.7508915513996
768,16.54323557,582.6494783799997
769,17.014506819,582.4845026903997
770,2939.0165698767,604.0785436371397
771,16.20455441,601.4718355651397
772,18.17442526,601.3906583871396
773,28.91646594,603.8653044611398
774,21.907148928999998,604.8438328831396
775,2859.920480299,589.0246149675996
776,31.6364062197,592.1109853295395
777,33.504250291,595.1769503357397
778,51.0217357927,599.5980043062796
779,39.231285976,603.0628317156795
780,2854.723135449,602.0233627456796
781,42.519342951,604.1999500919396
782,29.5839431957,603.4158886728796
783,26.77575572,598.5666926583397
784,29.265695253,596.5735745137397
785,2764.959330566,578.6208135371396
786,34.656088,577.0481625469397
787,30.187717267,577.1689173611996
788,29.000141371,577.6137944913996
789,57.4553730334,583.2517300474797
790,2720.3425961394,574.3283831621596
791,77.834621949,582.9640899519596
792,53.024925457,587.5315315899596
793,28.087734487,587.3490502131597
794,28.9604643647,581.6500684794197
795,2663.355357087,570.2526206689397
796,59.3500173967,566.5556997584797
797,109.1570233164,577.7821193303597
798,239.2756568567,620.0197038042996
799,234.527962765,661.1332034843597
800,2686.8366023247,665.8294525318996
801,26.6283324057,659.2851155336996
802,43.883338368,646.2303785440197
803,66.23666661,611.6225804946796
804,44.624775527,573.6419430470796
805,2652.317650653,566.7381527127396
806,35.707395112,568.5539652539996
807,29.529894712,565.6832765227996
808,41.660705604,560.7680843215996
809,128.3944308297,577.5220153821396
810,2771.361465611,601.3307783737396
811,45.525501349,603.2943996211395
812,50.29129087,607.4466788527395
813,22.47990747,603.6105192259396
814,32.369425747,584.4055182093996
815,2812.892697279,592.7117645429996
816,21.46188745,587.8990417631996
817,21.50626679,582.1420369471996
818,24.506413125,582.5473380781997
819,33.98540895,582.8705347187996
820,2917.310215978,603.7540384585997
821,29.920916584,605.4458442853996
822,25.278335859,606.2002580991997
823,30.71449403,607.4418742801997
824,21.51076902,604.9469462941996
825,2919.800089298,605.4449209581996
826,20.216262263,603.5039900939995
827,20.997890367,602.6479009955996
828,22.068808808,600.9187639511995
829,21.083415125,600.8332931721995
830,2887.7614849667,594.4255723059397
831,22.77155428,594.9366307093397
832,24.967551089,595.7305628537396
833,18.2788183647,594.9725647650797
834,21.3074118637,595.0173641128197
835,2796.2848872747,576.7220445744197
836,20.67395893,576.3025255044197
837,27.2972281964,576.7684609258997
838,20.930780077,577.2988532683596
839,13.79195397,575.7957616896197
840,2790.6932222967,574.6774286940197
841,38.01719584,578.1460760760197
842,272.5554094731,627.1977123313596
843,238.727731729,670.7571026617596
844,110.4203132287,690.0827745134995
845,3313.418232342,794.6277765225597
846,19.693577499,790.9630528543596
847,24.44048763,741.3400684857396
848,22.598479444,698.1142180287395
849,19.332066152,679.8965686133996
850,3652.789231773,747.7707684995996
851,23.1051987937,748.4530927585396
852,24.965206163,748.5580364651396
853,26.355350926,749.3094107615397
854,45.089510856,754.4608997023397
855,2989.629924681,621.8290382839397
856,28.49426381,622.9068512871997
857,23.995997301,622.7130095147998
858,23.56323821,622.1545869715997
859,20.55390397,617.2474655943996
860,2688.86407012,557.0942946821997
861,22.188914898,555.8332248997997
862,35.05999777,558.0460249935998
863,41.258785684,561.5851344883997
864,101.206558578,577.7156654099997
865,2742.812633133,588.5053780125996
866,92.327703047,602.5331356423997
867,48.385459628,605.1982280139996
868,35.603385229,604.0671479229997
869,59.243790347,595.6745942767996
870,2958.054178073,638.7229032647996
871,58.109222172,631.8792070897996
872,80.488983354,638.2999118349996
873,51.471888091,641.4736124073996
874,36.6281226294,636.9504788638797
875,2828.04274312,610.9481918732797
876,38.112106579,606.9487687546796
877,25.831482055,596.0172684948797
878,30.575105331,591.8379119428796
879,34.290493442,591.3703861053997
880,2758.773350202,577.5165075217997
881,30.0553502407,575.9051562541397
882,32.261007803,577.1910614037396
883,29.9619530437,577.0684309462797
884,93.1212367627,588.8345796104197
885,2682.653697592,573.6106490884197
886,19.708496339,571.5412783080795
887,23.7412863,569.8373340074797
888,22.649205196,568.3747844379396
889,91.5351096707,568.0575590195397
890,2684.6837304207,568.4635655852796
891,40.020518998,572.5259701170797
892,42.982625564,576.3742379698797
893,22.20205669,576.2848082686796
894,76.041851193,573.1861565731397
895,2860.459447534,608.3412999957997
896,51.537182888,610.6446327737997
897,261.3631989047,654.3207474419396
898,157.9989001647,681.4801161368797
899,36.032454512,673.4782368006797
900,3133.218501888,728.0300476714797
901,13.24045866,720.3707028258797
902,10.590928629,670.2162487707396
903,19.05491758,642.4274522537996
904,19.533937419,639.1277488351996
905,2805.4603333992,573.5761151374396
906,14.444357509,573.8168949072395
907,14.54318894,574.6073469694396
908,14.9475992,573.7858832934396
909,16.193401202,573.1177760500397
910,2801.4687824418,572.3194658585596
911,27.9298523417,575.0165648250997
912,25.270311852,577.1619894074996
913,18.254018784,577.8232733242996
914,19.15996288,578.4165856598996
915,2652.353011226,548.5934314167396
916,69.864905207,556.9804419897996
917,20.929119252,556.1122034697996
918,20.376843116,556.5367683361997
919,21.21677168,556.9481300961996
920,2594.1883086237,545.3151895757396
921,16.5839941237,534.6590073590796
922,13.981356518,533.2694548122797
923,16.50669292,532.4954247730795
924,20.4550785927,532.3430861556196
925,2540.8977805547,521.6849805418196
926,124.6313989,543.2944614970796
927,55.203056769999996,551.5388015474796
928,15.458454702,551.3291539038796
929,19.123569259,551.0628520371397
930,2595.928674657,562.0690308575997
931,25.989608606,542.3406727987997
932,27.265332915,536.7531280277997
933,14.2246006087,536.5063572091397
934,24.640592849,537.6097619271397
935,2546.3733576187,527.6986985194796
936,12.64198882,525.0291745622796
937,162.978205931,552.1717491654797
938,11.02229641,551.5312883257398
939,8.17460554,548.2380908639396
940,2526.294685511,544.2223564423996
941,13.412366092,544.3764318967997
942,15.913896,514.9635699105996
943,24.635437482,517.6861981249996
944,18.89716833,519.8307106829996
945,2423.8902464757,499.34982287593965
946,20.948560404,500.85706173833967
947,83.236451427,514.3215728237396
948,14.67807542,512.3301004113397
949,18.14147606,512.1789619573397
950,2510.75591672,529.5520960061997
951,18.342158913,529.0308157079996
952,17.7253592,515.9285972625996
953,18.81779489,516.7565411565997
954,12.12705354,515.5536566525997
955,2448.617664097,503.1260061279997
956,102.803488191,520.0182719835997
957,31.397046899,522.7526095233997
958,68.3559914431,532.6602488340197
959,15.62839373,533.3605168720197
960,2496.3794855617,542.9128811649597
961,16.70776647,525.6937368207598
962,12.77695632,521.9697187049597
963,28.399334086,513.9783872335397
964,16.82828136,514.2183647595397
965,2662.8833168707,547.5191310213397
966,17.5067552,547.6789287673397
967,17.85300456,548.6941384153397
968,21.21750791,547.2577731801396
969,25.764201697,549.0449572475397
970,2628.2187062654,542.1120351264797
971,14.962941840000001,541.6032724544797
972,19.98170056,542.0290116544796
973,35.1416461397,544.8138393004198
974,14.639718918,542.5889427446197
975,2760.2361964977,568.9924407910796
976,15.15554683,569.0309617890796
977,24.3426356,569.9031487970796
978,21.86890083,567.2485997351396
979,15.99552032,567.5197600155395
980,2716.915607765,558.8556422689996
981,13.47534041,558.5196009849997
982,12.865039287,556.2240817223997
983,16.40012138,555.1303258323995
984,15.242540203,554.9797298089997
985,2690.889666582,549.7745415723996
986,16.455796675,550.3706328253995
987,13.077730985,550.4131711649995
988,13.98886512,549.9309199129996
989,12.86260164,549.4549322003996
990,2742.941464559,559.8652917957996
991,55.878051277,567.7497427161996
992,34.4760916807,572.0294148553396
993,18.51407896,572.9344576233397
994,24.377080983,575.2373534919396
995,2773.0153472637,581.2521300328797
996,20.53636484,574.1837927454796
997,25.318187168,572.3522118429397
998,21.040272876,572.8574506261397
999,25.141937687,573.0104219669396
1000,2812.379123556,580.8831772253997
1001,21.885781979,581.1530606531998
1002,23.969028374,580.8832288943997
1003,22.488427961,581.1728599113997
1004,17.44595261,579.6336628959997
1005,2756.7947450047,568.5167871857396
1006,21.894342697,568.5184993293396
1007,25.84882254,568.8944581625396
1008,16.57143093,567.7110587563398
1009,17.257483367,567.6733649077396
1010,2694.417084036,555.1978327139996
1011,16.053160782,554.0295963309995
1012,16.47617598,552.1550670189996
1013,13.990191489999999,551.6388191309995
1014,17.98270964,551.7838643855996
1015,2679.352838412,548.7710152607996
1016,16.20405517,548.8011941383996
1017,13.89514828,548.2849885983995
1018,15.322078867,548.5513660737996
1019,16.79315273,548.3134546917996
1020,2776.6748920367,567.7778654167396
1021,17.259953105,567.9890450037395
1022,23.731630026,569.9563413529396
1023,26.502300213,572.1923856221396
1024,14.043592272,571.6424735305396
1025,2789.544827244,574.2164605719996
1026,13.793073185,573.5230845879996
1027,14.3810860467,571.6529757921396
1028,18.379778837,570.0284715169396
1029,13.761816843,569.9721164311396
1030,2755.987825346,563.2607160515397
1031,18.86430496,564.2749624065397
1032,15.21979413,564.4427040231997
1033,15.7414912,563.9150464957996
1034,18.36431695,564.8355465171996
1035,2705.8806695817,554.8141153643397
1036,20.937901642,555.2288347007396
1037,14.91017976,555.1669118267397
1038,24.77245836,556.9731052587397
1039,13.128544008,555.9259506703397
1040,2728.608141456,560.4714450451996
1041,20.34263304,560.3523913247997
1042,21.40327882,561.6510111367996
1043,12.628703095,559.2222600837997
1044,9.64524143,558.5255995681996
1045,2613.712497261,535.5464707291997
1046,14.59256103,534.3964563271996
1047,25.831666363,535.2821338357996
1048,45.387941292,541.8339814751996
1049,122.876317475,564.4801966841997
1050,2820.816614952,605.9010202223997
1051,37.220662032,610.4266404227996
1052,38.272362362,612.9147796225996
1053,58.515889815,615.5403693271996
1054,102.3509809117,611.4353020145396
1055,2936.7643607654,634.6248511772196
1056,69.989879018,641.1786945744196
1057,31.950375956,639.9142972932196
1058,42.7499666834,636.7611126668996
1059,28.068445054,621.9046054953596
1060,2901.91863129,614.9354596002797
1061,23.8208099537,605.7016457874197
1062,24.761101923,604.2637909808197
1063,32.358923311,602.1855823063397
1064,24.9426023577,601.5604137670796
1065,2870.447600296,595.2662075682796
1066,30.318031065,596.5656517905396
1067,26.209090583,596.8552495225397
1068,26.463104506,595.6760857615396
1069,25.351328757,595.7578310413996
1070,2791.176614666,579.9036339153997
1071,72.7509431197,588.3902163263397
1072,82.548890762,599.6581763621397
1073,45.7145309627,603.5084616534797
1074,38.734662924,606.1851284868796
1075,2848.4787911127,617.6455637762197
1076,89.1799648257,620.9313681174197
1077,59.434836019,616.3085571688196
1078,51.859519607,617.5375548976797
1079,37.305976488,617.2518176104796
1080,3042.594383316,656.0749360511396
1081,32.0300275347,644.6449485929395
1082,28.49880918,638.4577432251397
1083,30.785636633,634.2429666303397
1084,29.8558497437,632.7529412814796
1085,3097.598059075,643.7536764332797
1086,31.503256116,643.6483221495397
1087,34.34821271,644.8182028555397
1088,73.0654802321,653.2741715753596
1089,35.18385958,654.3397735426196
1090,3101.341808681,655.0885234638197
1091,23.55746312,653.4993648646197
1092,24.756948455,651.5811120136196
1093,32.753103984,643.5186367639997
1094,32.9239824274,643.0666613334797
1095,3132.2947011507,649.2572398274197
1096,56.0666748847,655.7590821803597
1097,24.830796541,655.7738517975597
1098,28.77924482,654.9790799647596
1099,21.918724349,652.7780283490796
1100,3181.369509426,662.5929900041397
1101,176.9133744127,686.7623299097396
1102,126.940161993,707.1842030001396
1103,49.044952907,711.2373446175396
1104,18.016241885,710.4568481247396
1105,3094.3951975357,693.0619857466796
1106,35.29546369,664.7384036021397
1107,26.732896404999998,644.6969504845396
1108,30.404885074,640.9689369179397
1109,34.100308003,644.1857501415396
1110,3214.1369967797,668.1341099903397
1111,33.38043269,667.7511037903397
1112,33.232443152,669.0510131397397
1113,35.951684322,670.1603729893396
1114,44.829892649,672.3062899185396
1115,3211.465324255,671.7719554135996
1116,30.234577698,671.1427844151997
1117,19.384286404,668.3731530655996
1118,46.1101570177,670.4048476047396
1119,37.168979286,668.8726649321395
1120,3219.834251891,670.5464504593396
1121,73.9224612211,679.2840271639595
1122,49.3224580017,685.2716614834997
1123,29.15811789,681.8812536579596
1124,28.0717890017,680.0618156010996
1125,3229.691376629,682.0332405486996
1126,24.486833744,672.1461150532796
1127,24.919835801,667.2655906131397
1128,21.941716203,665.8223102757396
1129,20.3327944137,664.2745113581396
1130,3240.834419045,666.5031198413396
1131,30.489155805,667.7035842535396
1132,37.41152419,670.2019219313395
1133,34.508525565,672.7152838037396
1134,27.735984486,674.1959218181996
1135,3240.0983270947,674.0487034281397
1136,22.57257543,672.4653873531397
1137,19.910648335,668.9652121821397
1138,31.4282439337,668.3491558558796
1139,32.30063421,669.2620858006796
1140,3220.421815936,665.3267835689396
1141,29.353856306,666.6830397441396
1142,31.39773358,668.9804567931396
1143,31.28248356,668.9513047183996
1144,29.390381708,668.3692542179996
1145,3191.693293504,662.6235497315996
1146,33.63443594,663.4796656583997
1147,38.688202147,664.9377593717996
1148,30.348109837,664.7508846271996
1149,24.571474197,663.7871031249996
1150,3147.5541422824,654.9592728806796
1151,53.6302296097,658.9584316146196
1152,102.526021224,671.7259954300196
1153,16.53233039,668.9628395406196
1154,20.611952810000002,668.1709352632196
1155,3225.772160826,683.8145389719396
1156,57.50619953,684.5897329559996
1157,38.013197966,671.6871683043995
1158,50.13977166,678.4086565583996
1159,46.96976005,683.6802180063996
1160,3230.1014464287,684.5460751269396
1161,40.78106566,681.2010483529396
1162,25.247125597,678.6478338791396
1163,29.647746172,674.5494287815396
1164,22.713486798,669.6981741311396
1165,3232.654038379,670.2086925211996
1166,29.29430034,667.9113394571997
1167,27.314148175,668.3247439727996
1168,28.98205034,668.1916048063997
1169,33.06613317,670.2621340807997
1170,3153.137545312,654.3588354673996
1171,51.147285383,658.7294324759996
1172,34.888753494,660.2443535397996
1173,31.2046540937,660.6888742905396
1174,28.41916595,659.7594808465396
1175,3130.908380526,655.3136478893397
1176,46.155352157,654.3152612441397
1177,30.33599469,653.4047094833397
1178,52.094750055,657.5827286755997
1179,101.4572597787,672.1903474413397
1180,3146.463447893,675.3013609147397
1181,39.169098785,673.9041102403397
1182,73.50057679,682.5370266603397
1183,73.2270189097,686.7634804312797
1184,82.8909384514,683.0502161658197
1185,3182.529667212,690.2634600296196
1186,105.848455367,703.5993313460197
1187,52.255104561,699.3502369002197
1188,78.15930273,700.3366936642796
1189,81.6947808827,700.0974621505395
1190,3240.8453466007,711.7605980282796
1191,59.81827361,702.5545616768795
1192,47.416827851,701.5869063348796
1193,89.136120874,703.7822699636796
1194,50.236347975,697.4905833821397
1195,3250.407763401,699.4030667421996
1196,90.9577605057,705.6309641213397
1197,68.10116331,709.7678312131396
1198,40.58724179,700.0580553963397
1199,49.192696479,699.8493250971396
1200,3202.9225145977,690.3522753364796
1201,41.189186946,680.3985606245395
1202,53.166949041,677.4117177707396
1203,41.254556091,677.5451806309395
1204,22.92350581,672.2913424971396
1205,3216.51941912,675.0107234015996
1206,63.871008023,679.5470876169995
1207,18.316539606,672.5770057299997
1208,43.6773837307,673.0615712579397
1209,46.9428563518,677.8654413662996
1210,3174.719742293,669.5055060008997
1211,31.116466895,662.9545977752997
1212,27.559630763,664.8032160066996
1213,56.820696727,667.4318786059596
1214,41.3778014574,666.3188676270796
1215,3346.334008242,700.6417208168797
1216,55.93739933,705.6059073038797
1217,28.913715052,705.8767241616797
1218,29.5801709,700.4286189962796
1219,19.0216931387,695.9573973325397
1220,3324.4661353943998,691.5838227630196
1221,113.518039199,703.0999507368197
1222,68.18391317,710.9539903604197
1223,28.663468069,710.7706497942197
1224,26.89874385,712.3460599364796
1225,3178.648775265,683.1825879105996
1226,103.0185875684,681.0826975844795
1227,108.8074347874,689.2074019079596
1228,64.060271012,696.2867624965596
1229,59.196893489,702.7463924243596
1230,2888.218907105,644.6604187923597
1231,36.438813903,631.3444640592796
1232,43.280834169,618.2391439355996
1233,28.169103477,611.0609104285996
1234,44.358594267,608.0932505841996
1235,2884.546701712,607.3588095055995
1236,66.185386268,613.3081239785995
1237,103.176959693,625.2873490833996
1238,86.382498704,636.9300281287996
1239,61.947727867,640.4478548487996
1240,2969.890627653,657.5166400369997
1241,70.062942387,658.2921512607996
1242,28.42325852,643.3414110261996
1243,39.09169509,633.8832503033996
1244,38.417110986,629.1771269271997
1245,2936.544772453,622.5079558871996
1246,24.555454787,613.4064583671995
1247,33.61251244,614.4443091511996
1248,40.5585504,614.7376802131996
1249,54.600336598,617.9743253355995
1250,2910.497679023,612.7649066495994
1251,56.664030531,619.1866217983995
1252,37.065184859,619.8771562821994
1253,27.344309871,617.2343081763995
1254,28.438121901,612.0018652369995
1255,2862.617076335,602.4257446993995
1256,52.28689149,601.5503168911995
1257,41.923850233,602.5220499659996
1258,29.885688156,603.0303256229995
1259,25.49589496,602.4418802347996
1260,2854.5189888457,600.8222627369395
1261,25.2737106517,595.4196265692796
1262,32.20028929,593.4749143806796
1263,40.550258721,595.6078284936796
1264,37.1319800777,597.9350455172196
1265,2894.137907387,605.8588292254796
1266,26.770010424,606.1580891799395
1267,37.5640257277,607.2308364674794
1268,23.694595251,603.8597037734795
1269,25.234262285,601.4801602149395
1270,2964.5499514277,615.5625690230795
1271,23.275957064,614.8637583510796
1272,23.847069262,612.1203670579396
1273,25.321375052,612.4457230181395
1274,29.442036092,613.2872777795395
1275,2898.6922108897,600.1157296719396
1276,23.42166061,600.1448703811395
1277,21.798203668,599.7350972623397
1278,29.6660239,600.6040270319397
1279,24.210702076,599.5577602287397
1280,2918.4468683697,603.5086917247396
1281,21.05199401,603.0347584047396
1282,37.581441503,606.1914059717396
1283,31.930029041,606.6442069999396
1284,18.599453,605.5219571847396
1285,2970.198466786,615.8722768679996
1286,26.97213739,617.0563055439997
1287,25.07446729,614.5549107013996
1288,48.41162799,617.8512304911997
1289,37.7443100557,621.6802019023396
1290,2949.8659660211,617.6137017493595
1291,48.7699943767,621.9732731466995
1292,26.790031931,622.3163860748995
1293,44.012415144,621.4365435056995
1294,46.2878312497,623.1452477444996
1295,2977.6571167707,628.7034778944196
1296,28.340830161,624.6176450512796
1297,29.3584109857,625.1313208622196
1298,29.949914835,622.3188208004196
1299,23.790325918,617.8193197340795
1300,3072.8330250037,636.8545013806795
1301,57.651799949,642.7166953382796
1302,58.2555022067,648.4961135824796
1303,56.6773697737,653.8416045702195
1304,33.1624066117,655.7160207089596
1305,3102.0622930591,661.5618743200396
1306,56.6973874474,661.3709918197195
1307,64.5501808367,662.6299275457195
1308,32.2812355387,657.7507006987196
1309,27.242889153,656.5667972069795
1310,3146.811917889,665.5167221729596
1311,32.084641507,660.5941729848795
1312,30.777548265,653.8396464705395
1313,27.016065594,652.7866124815995
1314,27.5046184797,652.8389583469395
1315,3071.476251849,637.7718251389396
1316,27.061460817,636.7671890009395
1317,22.269520891,635.0655835261396
1318,21.696748589,634.0017201251396
1319,30.91805896,634.6844082211995
1320,3073.228629347,635.0348837207996
1321,30.554402937,635.7334721447995
1322,32.495981027,637.7787641719996
1323,30.923530327,639.6241205195995
1324,33.8372407217,640.2079568719396
1325,3007.137161772,626.9896633569396
1326,24.520910926,625.7829649547396
1327,26.51362796,624.5864943413396
1328,45.862954325,627.5743791409396
1329,31.198398616,627.0466107197996
1330,3058.61581399,637.3423411633995
1331,26.055516742,637.6492623265995
1332,29.834285886,638.3133939117995
1333,67.453066791,642.6314164049995
1334,102.388256542,656.8693879901996
1335,3059.3866306987,657.0235513319396
1336,29.501959,657.7128397835397
1337,25.681214345,656.8822254753396
1338,89.375150649,661.2666422469396
1339,59.640515021,652.7170939427396
1340,3002.1310937197,641.2659865469395
1341,41.9915911767,643.7639129822794
1342,40.073322606,646.6423346344795
1343,45.73414021,637.9141325466795
1344,34.85671751,632.9573730444796
1345,3019.051033697,636.3413610399396
1346,29.31821067,633.8066849385997
1347,23.32469218,630.4569588533997
1348,30.463451954,627.4028212021997
1349,26.886155919,625.8087088839995
1350,3081.6816611197,638.3348343685395
1351,25.227473176,637.5166868697395
1352,47.713999395,642.3945483127395
1353,65.255487306,649.3529553831396
1354,56.792273925,655.3341789843396
1355,3085.15457786,656.0287623323995
1356,62.279830241,663.4392337453995
1357,71.73395032,668.2432239303996
1358,54.989665983,666.1900596657995
1359,28.922225323,660.6160499453995
1360,3128.236672086,669.2324687905996
1361,24.59228232,661.6949592063995
1362,26.583404155,652.6648499733994
1363,34.135027862,648.4939223491995
1364,43.15884522,651.3412463285996
1365,3117.300873045,649.1540865203996
1366,34.494727864,651.1345756291996
1367,39.77239768,653.7723743341996
1368,20.76359087,651.0980869357996
1369,31.519160607,648.7701500131996
1370,3046.074830934,634.5249415909996
1371,20.065546287,631.6391052755996
1372,33.29182289,630.3429903175995
1373,19.24500727,630.0392735975996
1374,21.09759014,627.9549595041996
1375,3088.669869645,636.4739672463995
1376,21.06666168,636.6741903249995
1377,19.724063463,633.9606384395995
1378,16.79922549,633.4714820835995
1379,16.756045078,632.6031730711995
1380,3012.244597761,617.3181186943996
1381,56.889585972,624.4827035527995
1382,48.095539776,630.1569988153994
1383,59.772004934,638.7515547041995
1384,41.901615026,643.7806686937995
1385,2929.94069108,627.3198873575996
1386,47.5719621767,625.4563625985395
1387,37.588085559,623.3548717551396
1388,41.107777239,619.6220262161395
1389,30.542361912,617.3501755933396
1390,2975.458532273,626.4537438319396
1391,17.71813273,620.4829779425996
1392,23.481797018,617.6617202343996
1393,22.959908801,614.0321465467996
1394,24.9365345637,612.9109810771395
1395,2941.481397068,606.1155540361395
1396,13.446949396,605.2613173693396
1397,14.91417705,603.5477933757395
1398,33.769217137,605.7096550429395
1399,30.357059594,606.7937600489996
1400,2910.005309321,600.4985424995996
1401,28.702285255,603.5496096713995
1402,28.19650405,606.2060750713995
1403,28.3077620737,605.1137840587396
1404,26.338976976,604.3101675351395
1405,2916.499576644,605.6090209997395
1406,27.6453813,605.3976402087395
1407,23.706945211,604.4997284409395
1408,22.778395283,603.3938550827995
1409,19.508059528,602.0276715931996
1410,2547.703318136,528.2684198915995
1411,14.145936179,525.5685308673994
1412,15.23159524,523.8734608731995
1413,24.05936445,524.1296547065996
1414,14.847716189,523.1975860387995
1415,2524.095201963,518.4759628041995
1416,16.68056531,518.9828886303997
1417,15.8737059697,519.1113107763396
1418,35.96101785,521.4916414563395
1419,30.613919833,524.6448821851395
1420,2702.822218302,560.3902854529395
1421,30.26128743,563.1064298769395
1422,33.154332985,566.5625552799995
1423,113.9248807135,582.1553278526995
1424,126.6391809564,601.3603800773795
1425,2705.00030951,601.7959983189796
1426,108.991282821,617.5419973971796
1427,106.9230020885,632.2957312178796
1428,47.7100332047,619.0527617161196
1429,46.488708754,603.0226672756396
1430,2753.451043766,612.7128141268396
1431,79.6343140184,606.8414203663195
1432,51.275802573,595.7119804632196
1433,30.128014793,592.1955767808796
1434,37.356480615,590.3691311530795
1435,2698.555987428,579.3901198854795
1436,33.72839144,570.2089353697995
1437,63.551953508,572.6641655567996
1438,67.4412343174,580.1268094616796
1439,98.026423506,592.2607980398795
1440,2731.734815439,598.8965636420796
1441,76.9821983187,607.5473250178195
1442,49.420875818,604.7211094798196
1443,124.8171661001,616.1962958363595
1444,55.861170967,607.7632453285596
1445,2903.508496561,642.1179815529596
1446,57.83655847,638.2888535832196
1447,32.329005104,634.8704794404196
1448,89.113545605,627.7297553413996
1449,37.899339556,624.1373890591996
1450,2744.447186885,592.3251271239996
1451,50.8978523867,590.9373859073396
1452,115.924237428,607.6564323721396
1453,37.195891132,597.2729014775396
1454,53.111583279,600.3153502221396
1455,2738.386903602,599.1032935655396
1456,42.589025904,597.4415282689996
1457,30.007635767,580.2582079367996
1458,61.449795292,585.1089887687996
1459,43.36787531,583.1602471749995
1460,2829.939388782,601.4707442109996
1461,39.68525567,600.8899901641996
1462,64.085320066,607.7055270239996
1463,29.759061439,601.3673802533997
1464,28.902092557,598.4742237027996
1465,2840.9466635357,600.6756786535395
1466,37.2817852574,600.1949845710194
1467,34.31056992,594.2400345418195
1468,38.462857671,595.9807937882194
1469,42.1086653,598.6221083368195
1470,2816.0442681324,593.6416292561595
1471,35.813467131,593.3479656308795
1472,32.5226864177,592.9903889304195
1473,85.608320101,602.4194814164194
1474,40.5112765167,602.1000036597595
1475,3029.8640789337,644.8639658200195
1476,348.433644571,707.3880013080195
1477,166.9882809554,734.2811202155596
1478,140.58968399,745.2773929933595
1479,63.7618688077,749.9275114515596
1480,3430.736851446,830.1020659540194
1481,29.507751155,766.3168872708195
1482,47.934675703,742.5061662203395
1483,38.671757958,722.1225810139396
1484,53.299914143,720.0301900809995
1485,3364.312766214,706.7453730345995
1486,136.198731731,728.0835691497996
1487,63.745021659,731.2456383409996
1488,27.20700497,728.9526877433996
1489,27.977119701,723.8881288549995
1490,3303.748661156,711.7753078433996
1491,28.566622865,690.2488860701994
1492,24.6152513337,682.4229320051395
1493,26.004601064,682.1824512239394
1494,26.3939317997,681.8658136436795
1495,3072.645812691,635.6452439506795
1496,62.966142173,642.5251478122796
1497,142.812717638,666.1646410731396
1498,102.36634601,681.4369900623396
1499,49.278148575,686.0138334173996
1500,2931.010222893,657.6867154577996
1501,38.84096036,652.8616790951994
1502,41.907647236,632.6806650147995
1503,38.16196025,619.8397878627995
1504,31.88678435,616.3615150177995
1505,2803.109181279,590.7813066949996
1506,38.751566608,590.7634279445995
1507,38.133263966,590.0085512905995
1508,29.5505019537,588.2862596313396
1509,101.8906974717,602.2870422556796
1510,3365.3354466477,714.7322953294195
1511,74.23132345,721.8282466978196
1512,26.86904834,719.5754035726195
1513,33.64102433,720.3935080478794
1514,61.333302442,712.2820290419395
1515,3012.59763049,641.7344658103996
1516,110.8614368377,649.0604884879394
1517,119.745978958,667.6358746115395
1518,75.822688975,676.0722075405395
1519,29.150278496,669.6356027513395
1520,2843.290426959,635.7741620451395
1521,97.097679576,633.0214105927996
1522,36.436332689,616.3594813389996
1523,36.824074635,608.5597584709997
1524,30.108955937,608.7514939591995
1525,2871.600093143,614.4134271959995
1526,23.3819612657,599.6702835339395
1527,19.676909553,596.3183989067395
1528,157.5763315007,620.4688502798795
1529,78.690882731,630.1852356386795
1530,2965.6407540017,648.9933678104195
1531,44.593480745,653.2356717062795
1532,86.185553044,666.5374004044795
1533,116.245126735,658.2711594513395
1534,62.301204621,654.9932238293395
1535,3142.517011259,690.3684752807995
1536,194.08898052,720.2675752357995
1537,56.78024257,714.3865131409996
1538,73.9751743647,705.9325226669396
1539,114.07926476,716.2881346947395
1540,3423.3098571547,772.4467038738795
1541,115.9291617677,756.8147401234195
1542,58.1930358187,757.0972987731595
1543,37.899246975,749.8821132952196
1544,31.577442844,733.3817489120195
1545,3246.6507175937,698.0499209998195
1546,51.4882728947,685.1617432252195
1547,69.354173787,687.3939708188796
1548,36.967946624,687.2077107486796
1549,22.524868165,685.3971958128795
1550,3150.695450786,666.2061424513396
1551,41.787555399,664.2659989521997
1552,50.1952793307,660.4342200609395
1553,105.4367547547,674.1279816870796
1554,62.5836002437,682.1397281028196
1555,2910.058840183,634.0124059822195
1556,66.431551037,638.9412051098195
1557,53.615002338000004,639.6251497112796
1558,60.9042035577,630.7186394718796
1559,78.1335404984,633.8286275228195
1560,2883.3778383031,628.4924271468395
1561,87.5705516248,632.7202272643995
1562,59.2686530181,633.8509574004195
1563,209.97068080210002,663.6642528492995
1564,70.0393865747,662.0454220645595
1565,2816.6820937087,648.7062731456796
1566,71.1306949861,645.4183018179396
1567,86.9638088497,650.9573329842596
1568,83.4840017794,625.6599971797195
1569,71.7971027837,626.0115404215196
1570,2891.2790883984,640.9309393594596
1571,68.782909069,640.4613821760396
1572,83.476152914,639.7638509888995
1573,72.079444128,637.4829394586195
1574,95.5038730637,642.2242935146195
1575,2808.283839392,625.6252437133396
1576,77.8302737004,627.4347166396195
1577,50.2362996327,620.7867459833597
1578,80.94125201,622.5591075597597
1579,74.5822423011,618.3747814072397
1580,2752.0174224657,607.1214980219795
1581,74.9950905324,606.5544613883795
1582,66.091821452,609.7255657522395
1583,79.7574336995,609.4888020901395
1584,83.5422706132,611.2808077525594
1585,2673.2225547254,595.5218342044996
1586,75.4350081891,595.6098177358396
1587,41.027811188,590.5970156830396
1588,60.578576679,586.7612442789396
1589,70.6867417097,584.1901384982395
1590,2635.0366217099,576.5529518951396
1591,123.8701226087,586.2399747790596
1592,60.94234198,590.2228809374595
1593,84.640689472,595.0353034960596
1594,93.1590476154,599.5297646771995
1595,2566.5540352288,585.8332473809795
1596,50.677296044,571.1946820680395
1597,63.678300031,571.7418736782395
1598,58.7597767837,566.5656911405796
1599,29.9004703437,553.9139756862395
1600,2622.7820855807,565.1595857566195
1601,62.9440389497,567.6129343377595
1602,46.327473303,564.1427689921595
1603,50.425669967,562.4759476288195
1604,47.305039018,565.9568613636795
1605,2514.2370481357,544.2478538746795
1606,40.720847362,539.8032155571395
1607,63.263704765,543.1904618495395
1608,91.7292243041,551.4511727169595
1609,37.783214885,549.5468078903596
1610,2618.613057033,570.4220096698195
1611,65.323656766,575.3425715506196
1612,84.7942636268,579.6486833229795
1613,83.459834555,577.9948053731595
1614,79.939453017,586.4260529995596
1615,2632.0227044757,589.1079824880995
1616,72.4124858544,590.5257483057795
1617,96.950501707,592.9569959218195
1618,76.033894803,591.4718079714196
1619,62.186226385,587.9211626450194
1620,2639.40172325,589.3969663998795
1621,80.6287792167,591.0402250723395
1622,73.970527188,586.4442301685395
1623,48.577321242,580.9529154563395
1624,96.64771662,587.8452135033396
1625,2738.407394613,607.6463477759396
1626,86.7530416607,608.8712002647396
1627,86.799936679,611.4370821629395
1628,138.7258677097,629.4667914564795
1629,88.6421649367,627.8656811198196
1630,2855.3542000604,651.2550422092996
1631,86.8649125604,651.2774163892396
1632,82.584998321,650.4344287176397
1633,56.7205005304,634.0333552817797
1634,77.3897787654,631.7828780475196
1635,2714.6489931575,603.6418366669396
1636,79.3365050547,602.1361551657996
1637,76.6407573274,600.9473069670796
1638,92.8271130732,608.1686294756396
1639,94.7019594201,611.6310656065796
1640,2519.7096381772,572.6431946105196
1641,102.4977159705,577.2754367936795
1642,91.5386145854,580.2550082452796
1643,95.4355469417,580.7766950189796
1644,108.171428045,583.4705887439595
1645,2395.7708913337,558.6828393752596
1646,109.2469109511,560.0326783713796
1647,96.4123538734,561.0074262289796
1648,26.755493165,547.2714154736395
1649,59.7695698911,537.5910438428596
1650,2454.5719308227,549.3512517406596
1651,98.4437051687,547.1906105841796
1652,101.8834078791,548.2848213853196
1653,92.4270063924,561.4191240307996
1654,107.8419095561,571.0335919637995
1655,2398.1863884641,559.7564834920796
1656,101.3182099461,560.3313844475596
1657,132.3367806627,566.4220590042795
1658,109.5654723598,569.8497521977595
1659,129.4434113034,574.1700525472196
1660,2411.2332470558,576.7794242655596
1661,105.3915343395,577.5940891442395
1662,122.8373936417,575.6942117400396
1663,94.476408398,572.6763989476797
1664,79.3499085497,562.6576983969395
1665,2337.2513588665,547.8613207590795
1666,84.7211928648,543.7272524641395
1667,79.0522184794,534.9702174316797
1668,88.481524986,533.7712407492795
1669,100.2849930957,537.9582576584796
1670,2344.0377087737,539.3155276399195
1671,99.8160331591,542.3344956987796
1672,163.2242431607,559.1689006350396
1673,92.6866030995,560.0099162577396
1674,97.9425905688,559.5414357523596
1675,2417.8679302444,574.3074800464996
1676,87.3045985107,571.8051931168196
1677,85.8590170654,556.3321478977596
1678,93.181235255,556.4310743288595
1679,100.8344062947,557.0094374740396
1680,2381.4283989174,549.7215312086396
1681,76.956069922,547.6518254908996
1682,101.8672041017,550.8534628981596
1683,105.2034725387,553.2579103548996
1684,110.5794449147,555.2069180788995
1685,2218.6105631018,522.6433509157795
1686,94.4339290687,526.1389227451194
1687,116.6258625027,529.0906544253196
1688,85.58713784,525.1673874855794
1689,133.0083626178,529.6531710261995
1690,2315.9740469638,549.1258677985995
1691,83.5668058927,546.9524431633996
1692,86.813325916,540.9899358460596
1693,136.3008135498,551.1326709880196
1694,112.2662720217,546.9842528687996
1695,2443.0169624547,572.3928359669796
1696,86.961562595,573.0717873074396
1697,81.4319345024,571.9955090247197
1698,47.7616224854,554.2876708118396
1699,66.971334127,545.2286832328996
1700,2433.9550541547,543.4163015728996
1701,56.862912114,537.3965714766996
1702,42.717332002,529.6536509766195
1703,44.023403334,528.9060071463396
1704,45.601226564,524.6319856337395
1705,2390.0356686337,515.8481085295396
1706,46.5935874154,513.7942435898195
1707,35.0074565257,512.2522684945595
1708,58.0955147187,515.0666907714995
1709,93.5838436041,524.6632141795196
1710,2442.1893257561,535.0939456039996
1711,41.482783502,534.0717848213196
1712,33.0189221988,533.6740779559395
1713,32.9325733877,528.6414896897396
1714,35.3901205064,517.0027450701996
1715,2315.554538202,491.67578755937956
1716,25.5042471254,488.48008028405957
1717,79.302645415,497.7368249272996
1718,31.201818049,497.39067385955957
1719,45.569341012,499.4265179606796
1720,2315.769295037,499.4694693276796
1721,117.424795683,517.8535790391995
1722,49.987643797,511.9905787155996
1723,73.6113529854,520.4724857028796
1724,50.449819399,521.4485813802796
1725,2367.3686573937,531.7684538516195
1726,98.844231256,528.0523409662195
1727,93.2895675,536.7127257068195
1728,57.81712826,533.5538807617396
1729,57.518816486,534.9676801791395
1730,2458.7777171527,553.2494921309395
1731,49.8920679257,543.4590594648795
1732,46.636104582,534.1283668812796
1733,56.333477697,533.8316367686795
1734,50.935123081,532.5148980876795
1735,2458.3989231384,532.4391392848195
1736,45.45570298,531.5518662956795
1737,35.7683602394,529.3783174271595
1738,96.0793751358,537.3274969149195
1739,64.163342591,539.9731408169195
1740,2549.9887314857,558.2911024863795
1741,66.191382938,562.4382384779796
1742,68.180291501,568.9206247302996
1743,70.541763776,563.8131024583396
1744,90.0943848657,568.9993109132795
1745,2675.1131705763,594.0241987313996
1746,120.2098595244,604.8278940486796
1747,65.0828723718,604.2084102228396
1748,40.9313965227,598.2863367721795
1749,57.7588355094,591.8192269009195
1750,2713.1079425966,599.4181813049795
1751,52.6587788904,585.9079651781794
1752,63.1290736789,585.5172054395995
1753,61.5802095991,589.6469680548795
1754,60.3753862634,590.1702782056796
1755,2729.7782779274,593.5043452718395
1756,140.8683903834,611.1462675704395
1757,109.7515383667,620.4707605079996
1758,101.9292868601,628.5405759601995
1759,123.7561445634,641.2167276201995
1760,2665.1601952081,628.2931110763395
1761,121.7217957451,624.4637921486795
1762,110.6141329034,624.6363110560196
1763,116.32908844970001,627.5162713739396
1764,111.5248700805,625.0700164773596
1765,2713.7825264368,634.7944827230995
1766,112.8874735368,633.0276182814395
1767,95.7203072097,630.0488531426994
1768,92.0010098374,625.1832374202394
1769,82.1635017747,619.3109637590794
1770,2690.3416599568,614.6227904630795
1771,133.332292022,618.7117541601194
1772,129.837617964,625.5352163109795
1773,154.8416898331,638.1033523101195
1774,148.667360954,651.4041241459795
1775,2607.3804166935,634.8118754933196
1776,139.2804073734,636.0014985635996
1777,100.2968260297,630.0933401767395
1778,130.852756714,625.2955535529196
1779,129.828637239,621.5278088099196
1780,2713.540362809,642.7597980330195
1781,94.837809404,633.8712784391395
1782,136.8729615727,641.1865055477396
1783,83.738670595,631.7636883239395
1784,126.26746176,631.0514532281395
1785,2722.5766745027,632.8587155668795
1786,125.7750174587,639.0461571778195
1787,82.064005045,628.0843658722795
1788,95.4203505477,630.4207018628196
1789,115.6748766724,628.3021848452995
1790,2722.9665530471,628.3801605541796
1791,94.065425145,622.0382420914395
1792,61.870934585,617.9996279994396
1793,111.6459440954,621.2447467089796
1794,64.041841469,610.9181396682995
1795,2612.0388823581,588.7326055304995
1796,107.147331744,591.3489868502995
1797,59.993017911,590.9734035154996
1798,115.362226884,591.7166600732196
1799,107.278126396,600.3639170586196
1800,2558.3914456859998,589.6344297241995
1801,28.5715848647,573.9192803483395
1802,28.555446485,567.6317660631395
1803,76.062689735,559.7718586333395
1804,80.5966489187,554.4355631378795
1805,2467.7245216901,536.3021783386996
1806,100.840660484,550.7559934625596
1807,113.6624392561,567.7773920167796
1808,127.4837114157,578.0615963529195
1809,131.1061104757,588.1634886643195
1810,2417.5565103414,578.1298863945796
1811,79.992848119,573.9603239215795
1812,40.12582906,559.2530018823595
1813,62.199500185,546.1961596362196
1814,25.187095333,525.0123566076795
1815,2277.288484039,496.95875134719955
1816,25.52596549,486.0653748213996
1817,77.094571867,493.4591233827996
1818,81.5903249987,497.3372883455396
1819,111.429326545,514.5857345879397
1820,2209.7359079057,501.0752193612796
1821,117.0903582227,519.3880979078197
1822,99.054220081,523.7800275506196
1823,97.4379457777,526.9495517064196
1824,102.7317181431,525.2100300260396
1825,2321.964606647,547.6557697742995
1826,119.732701676,548.1842384649595
1827,97.1384644614,547.8010873410395
1828,123.8006695936,553.0736321042195
1829,109.6536121194,554.4580108994795
1830,2512.99340565,592.6637707000796
1831,116.066939909,591.9306183466796
1832,101.4031241327,592.7835502809396
1833,116.9979520514,591.4230067724995
1834,132.1798497038,595.9282542893795
1835,2505.2653085968,594.3826348787395
1836,118.6382662584,594.8969001486196
1837,106.5866830107,595.9336119242196
1838,112.5254078877,595.0391030914795
1839,119.8019469327,592.5635225372596
1840,2604.900189086,612.4904986350996
1841,138.2377846784,616.4104023190996
1842,124.8922043327,620.0715065834995
1843,134.706428584,624.5077107227596
1844,128.084826897,626.1642867156195
1845,2614.3451726525,628.0532834289195
1846,114.5080313571,623.3073327646596
1847,118.1396144444,621.9568147869995
1848,119.9982765014,619.0151843704796
1849,167.293846329,626.8569882568795
1850,2657.9976345142,635.5874806292195
1851,220.7111244664,656.8280992510795
1852,124.7079248134,658.1417613248796
1853,120.3010146924,658.2023089630795
1854,114.1625812258,647.5760559424396
1855,2620.36391248,640.0493115355996
1856,143.5900226151,624.6250911653394
1857,113.4927003227,622.3820462671995
1858,116.255172482,621.5728778251196
1859,120.9787364601,622.9361088719795
1860,2526.0485452117,604.0730354183195
1861,119.9379276707,599.3426164294395
1862,110.164324369,598.6769412386996
1863,98.7027747867,595.1664616996395
1864,112.992525225,593.5692194526196
1865,2496.1064420261,587.5807988154995
1866,79.8108147907,579.5553762394995
1867,103.3737684894,578.1972650635796
1868,87.3825315944,575.9332164251196
1869,139.7825457594,581.2912205319996
1870,2554.9772814895,593.0653884246796
1871,139.3988394537,604.9829933572795
1872,78.0932776147,599.9268951823395
1873,147.193892544,611.8891673722595
1874,41.49628421,592.2319150623796
1875,2637.271732287,608.6908052218795
1876,86.9201987157,598.1950770742794
1877,156.431754212,613.8627723937395
1878,103.513104685,605.1266148219395
1879,55.4997325864,607.9273044972194
1880,2576.871132795,595.8471845988195
1881,50.0586443607,588.4748737278195
1882,59.483670376,569.0852569606195
1883,65.61982979,561.5066019816195
1884,60.804046613,562.5674647869396
1885,2660.128797212,579.2189976703396
1886,59.495889331,581.1064466643995
1887,114.310049941,592.0717225773996
1888,171.133235269,613.1744036731995
1889,112.25376166,623.4643466825995
1890,2841.467130947,659.7320134295995
1891,60.8156147487,659.9959585131395
1892,30.8038000057,643.2947085260796
1893,22.771338714,613.6223292150796
1894,21.639233517,595.4994235864795
1895,2717.708418446,570.7476810862795
1896,20.079738768,562.6005058901394
1897,77.4518093394,571.9301077568795
1898,62.423279538,579.8604959216796
1899,46.5611170787,584.8448726340196
1900,2766.041085492,594.5114060432195
1901,49.712497336,600.4379577568195
1902,59.4979573514,596.8471873592196
1903,45.498899296,593.4623113108195
1904,32.7323587937,590.6965596538196
1905,2733.00005024,584.0883526034195
1906,38.661437794,581.8781406950195
1907,55.6420862367,581.1069664720794
1908,74.313483261,586.8698832650795
1909,31.659782907,586.6553680877395
1910,2652.455207531,570.5463995459395
1911,62.761278323,575.3663676517396
1912,67.955547353,577.8290598749995
1913,26.532506984,568.2728646195995
1914,25.036035833,566.9481152047995
1915,2531.83980725,542.8250351485996
1916,36.34759659,537.5422988019996
1917,56.692265853,535.2896425019995
1918,37.916453875,537.5664318801995
1919,37.648259387,540.0888765909996
1920,2314.0623952697,496.5333941949396
1921,50.973925635,499.45866000393954
1922,35.708904672,495.26198776773964
1923,44.876736396,496.6540442719396
1924,37.039126876,496.5322177697396
1925,2285.0987893391,490.7394965836196
1926,57.418766716,492.02846479981963
1927,37.702544059,492.4271926772196
1928,53.8974727014,494.2313399382996
1929,43.051937094,495.43390198189957
1930,2194.932101796,477.40056447327953
1931,23.061631111,470.5291373522796
1932,28.260464196,468.6407213796795
1933,15.1125426797,460.88373537533954
1934,27.323106132,457.7379691829395
1935,2114.331953515,441.6179395267394
1936,32.398410996,443.4852955037394
1937,35.916657424,445.01653414933946
1938,22.900233384,446.57407229019935
1939,47.952384988,450.6999280613994
1940,2195.164870759,466.86651151019953
1941,63.4975911594,473.0863475428795
1942,34.078192756,472.7186546092795
1943,31.698534631,474.47831485867954
1944,28.493804218,470.58659870467943
1945,2226.098081744,476.7732409016795
1946,31.745870541,470.4228967779994
1947,39.185058332,471.44426989319953
1948,47.415429525,474.5876488719995
1949,50.557735979,479.0004352241996
1950,2288.344917315,491.44980233839954
1951,27.590709917,490.61877021359953
1952,27.242042366,488.2301670203995
1953,26.330558165,484.01319274839955
1954,32.669252157,480.4354959839995
1955,2323.6880222847,487.5041169779394
1956,21.717211719,486.3294173383394
1957,20.518614377,484.9847317405394
1958,16.32024643,482.9826693935394
1959,13.559153277,479.16064961753943
1960,2371.010147991,488.6250747587995
1961,23.975006521,489.07663371919955
1962,21.096552024,489.1922212485994
1963,83.383106858,502.6047933341994
1964,37.591024303,507.4111675393994
1965,2513.886952752,535.9865284915994
1966,12.06074004,533.6036751953994
1967,30.209547251,535.4262742407994
1968,45.18900574,527.7874540171995
1969,24.943500767,525.2579493099995
1970,2477.104682834,517.9014953263994
1971,38.510129278,523.1913731739994
1972,39.42569619,525.0346029617995
1973,23.9952447,520.7958507537994
1974,15.738684096,518.9548874195995
1975,2317.817465092,487.09744387119946
1976,19.319298528,483.2592777211995
1977,25.589221404,480.4919827639995
1978,30.338616796,481.76065718319944
1979,16.20577642,481.8540756479994
1980,2232.923840387,464.8753507069994
1981,49.651287864,470.9417485741994
1982,33.569576625,472.5378196183994
1983,18.452492443,470.1605947477994
1984,29.55442173,472.8303238097995
1985,2214.704351695,469.18642607139947
1986,44.80688087,468.21754467259944
1987,31.396043592,467.7828380659994
1988,31.482543799,470.3888483371995
1989,26.661212505,469.8102064921994
1990,2280.5014212897,482.9696204111395
1991,26.657917809,479.3398277989395
1992,41.3289882097,481.32641672247956
1993,29.414983541,480.91290467087947
1994,26.43307357,480.86727688387947
1995,2330.2226507087,490.81152276767943
1996,122.1557248624,509.9110841783594
1997,134.336712774,528.5126290912194
1998,131.2625678,548.8821459430194
1999,81.4215675077,559.8798447305594
2000,2440.8918225117,582.0136790911595
2001,79.1424435839,573.4110228354594
2002,54.712118627,557.4861040060593
2003,46.13437529,540.4604655040595
2004,70.9816936157,538.3724907256594
2005,2455.3714933591,541.2684248951394
2006,45.62072093,534.5640803643595
2007,25.9233832417,528.8063332872995
2008,24.207779693,524.4210141678994
2009,53.393519719,520.9033793885594
2010,2715.068092934,572.8426993035395
2011,73.208920266,578.3603391707395
2012,55.416367500999996,584.2589360225995
2013,53.84494075,590.1863682339995
2014,53.828189444,590.2733021789994
2015,2742.259299602,595.7115435125994
2016,80.818926762,597.2335448117994
2017,74.4239170607,601.0350547237393
2018,49.853789256,600.2368244249394
2019,36.8821619337,596.8476189228794
2020,2590.2316789957,566.4420948016194
2021,37.3775273367,557.7538149165595
2022,34.2600045677,549.7210324179595
2023,35.749349001,546.9001443669595
2024,49.2483702714,549.3733860344994
2025,2580.7167034797,547.4703909312994
2026,27.806754572,545.5562363783595
2027,41.094196623,546.9230747894194
2028,28.749568062,545.5231186016193
2029,25.765267969,540.8264981411394
2030,2475.9847799857,519.8801134423394
2031,37.379987342,521.7947599963393
2032,24.942404834,518.5644016385394
2033,25.219499243,517.8583878747394
2034,21.046992124,516.9147327057394
2035,2467.9320018727,515.3041770831394
2036,31.877655589,514.2037107325394
2037,21.048281548,513.4248860753394
2038,24.321897002,513.2453656271394
2039,35.742657599,516.1844987221394
2040,2477.62201777,518.1225019015994
2041,18.788311697,515.5046331231995
2042,26.364686666,516.5679141467995
2043,42.446356083,520.1928059629994
2044,41.060495849,521.2563736129995
2045,2459.2039095317,517.5727519653394
2046,71.902653075,528.1956202409394
2047,38.50910116,530.6245031397395
2048,62.776898515,534.6906116261396
2049,40.304277836,534.5393680235395
2050,2457.6038224307,534.2193506033394
2051,61.920825142,532.2229850167394
2052,37.0030779927,531.9217803832795
2053,23.595671592,524.0855349986793
2054,26.244208252,521.2735210818794
2055,2381.654844575,506.08372551073944
2056,38.860208424,501.47160216713945
2057,34.535887282,500.9781640249994
2058,28.240251622,501.90708003099945
2059,34.227491683,503.50373671719944
2060,2362.526560493,499.67807990079945
2061,143.647658664,520.6355699487995
2062,31.2113817857,519.9706688495395
2063,30.00680594,520.3239797131395
2064,13.1962081907,516.1177230146794
2065,2490.8227402467,541.7769589654195
2066,84.3871652614,529.9248602848994
2067,53.518841862,534.3863523001594
2068,50.810187644,538.5470286409594
2069,41.303569818,544.1685009664195
2070,2550.288197702,556.0615924574795
2071,31.7452306737,545.5332055399396
2072,44.492671457,543.7279714589396
2073,62.746912873,546.1153165047396
2074,21.872252265,542.2290529941395
2075,2413.01314791,514.7740430357395
2076,14.01432371,511.2278616429995
2077,32.482787539,508.8258848593994
2078,17.8993876837,499.85637982153946
2079,14.701442884,498.4222179453394
2080,2453.4063295377,506.5008542708794
2081,54.0792280397,514.5138351368194
2082,96.575496025,527.3323768340194
2083,44.535595289,532.6596183550794
2084,41.3443111437,537.9881920070195
2085,2499.7435791464,547.2556419287595
2086,69.625761308,550.3649485824195
2087,48.112002858,540.6722499490195
2088,47.4510690544,541.2553447020994
2089,48.914871431,542.7694567595594
2090,2417.6434456887,526.3494300680194
2091,53.112300214,523.0467378492193
2092,72.9056592017,528.0054691179594
2093,80.421858348,534.5996269766795
2094,76.4657017887,540.1097930482194
2095,2356.711903078,527.9234845260794
2096,25.074294205,522.3158833242794
2097,25.3834022257,512.8114319290794
2098,82.77451213,513.2819626854795
2099,56.077127569,509.20424784153937
2100,2404.842403532,518.8303479323394
2101,70.850349752,527.9855590417394
2102,70.8964030644,537.0881592094795
2103,73.152167017,535.1636901868794
2104,50.460196832,534.0403040394793
2105,2401.92793212,533.4574097570794
2106,45.278294492,528.3429987050794
2107,38.61916304,521.8875507001993
2108,42.951265668,515.8473704303993
2109,31.667646633,512.0888603905994
2110,2395.7827548767,510.85982494193934
2111,36.882250517,509.1806161469393
2112,34.57765374,508.3723142869393
2113,32.477552973,506.27757174793925
2114,19.570500816,503.8581425845394
2115,2505.996021638,525.9007959367993
2116,160.35666024,550.5956778813994
2117,46.563116825,552.9927704983994
2118,59.092171217,558.3156941471995
2119,52.6650931517,564.9346126143394
2120,2504.89345047,564.7140983807394
2121,54.5305209917,543.5488705310794
2122,36.150159392,541.4662790444794
2123,32.290643376,536.1059734762794
2124,28.696795941,531.3123140341394
2125,2282.699037014,486.8734313429394
2126,17.238371771,479.41500149879937
2127,18.447746873,475.87451899499945
2128,28.104559839,475.0373022875994
2129,20.245591842,473.34706146779934
2130,2268.045868602,470.4164277853994
2131,18.903815598,470.7495165507994
2132,26.075316929,472.2750305619993
2133,47.772141735,476.20854694119936
2134,27.534388868,477.66630634639944
2135,2220.442757175,468.14568406099943
2136,19.359379653,468.2367968719994
2137,21.541539791,467.33004144439946
2138,35.75975469,464.9275640353994
2139,14.650285782,462.35074341819944
2140,2238.5700200877,465.9761960007394
2141,16.029454713,465.31021101273944
2142,24.05787176,465.8134774065394
2143,15.4290291,461.7473322885394
2144,14.4891999647,461.7151151250793
2145,2346.395173597,483.2801458269393
2146,77.8191103437,495.63807695307935
2147,32.43822295,497.3141471910793
2148,13.040422764,496.83642592387935
2149,17.343171241,497.4072201791393
2150,2336.9996671514,495.5281188900193
2151,22.288976631,484.42209214747925
2152,16.473002613,481.22904808007934
2153,14.943039705,481.60957146827934
2154,20.5869654097,482.2583303020194
2155,2293.997816424,473.6579601565394
2156,107.508647488,490.7018943279394
2157,147.6601569837,516.9393252020794
2158,59.279485596,525.8066143802794
2159,31.135986863,527.9164186709394
2160,2394.117431733,547.9403417327394
2161,106.5229805807,547.7432083512793
2162,64.272075807,531.0655921159394
2163,40.369545194,527.2836040355394
2164,56.576535767,532.3717138163394
2165,2337.658189319,521.0798653335394
2166,57.722308227,511.3197308627994
2167,41.872679619,506.8398516251994
2168,54.41791867,509.64952632039933
2169,72.789805724,512.8921803117994
2170,2454.749361362,536.3104147203993
2171,18.610158313,528.4879847375993
2172,24.696084881,525.0526657899993
2173,20.994125133,518.3679070825993
2174,28.1612541737,509.4421967725393
2175,2526.148965639,523.7221176279393
2176,24.591005469,524.9182870591393
2177,27.827811013,525.5446322855393
2178,26.46845521,526.6394983009393
2179,26.680789614000002,526.3434053889994
2180,2574.7187069397,536.0573536491394
2181,31.067934405,537.3527394363393
2182,15.264858207,534.8401488751394
2183,28.1820980737,535.1828774478793
2184,33.616975966,536.5701147182793
2185,2489.537122236,519.5337977775393
2186,22.651357704,517.8504824373393
2187,29.1705473357,520.6316202630794
2188,25.59898141,520.1149969303394
2189,20.14596682,517.4207951011393
2190,2418.5203363247,503.2174379188794
2191,49.700747737,508.62731592547937
2192,39.465838802,510.6863742187394
2193,27.929905615,511.15255905973936
2194,29.056791009,512.9347238975395
2195,2449.678226516,519.1663019357994
2196,31.59335938,515.5448242643995
2197,26.8057032,513.0127971439995
2198,42.368543594,515.9005247397994
2199,28.240320509,515.7372306397993
2200,2418.09830019,509.4212453745993
2201,30.2776579,509.1581050785993
2202,29.95426108,509.7878166545993
2203,25.48028061,506.41016405779936
2204,28.587273046,506.4795545651993
2205,2443.28286708,511.5164679431993
2206,113.882655192,528.2374674015994
2207,71.489444189,536.5445040233993
2208,117.4773642934,554.9439207600792
2209,124.571460792,574.1407583092794
2210,2879.8559058,661.4553660532794
2211,157.4559505157,670.1700251180193
2212,33.468910596,662.5659183994193
2213,40.662083763,647.2028622933393
2214,26.8225573927,627.6530816134793
2215,3403.6891946041,732.4197393742994
2216,52.769110328000004,711.4823713367593
2217,26.33555086,710.0556993895594
2218,17.460745813,705.4154317995594
2219,30.829683098,706.2168569406193
2220,3391.9774444187,703.8745069035393
2221,31.99504879,699.7196945959394
2222,33.030981332,701.0587806903393
2223,36.4100511817,704.8486417640794
2224,55.5633260174,709.7953703479594
2225,3307.4185266997,692.8835868041594
2226,79.000461332,702.2846693125595
2227,63.1994049084,708.3183540278394
2228,34.9925605917,708.0348559098394
2229,21.936636673,701.3095180409593
2230,2884.9284391807,616.8115005371594
2231,56.402420226,612.2918923159593
2232,69.593922515,613.5707958372793
2233,48.508219832,616.2739276853393
2234,37.890971351,619.4647946209394
2235,2726.3196588027,587.7430385453393
2236,83.5269138047,593.1679372610795
2237,60.8804088694,591.4252345319594
2238,53.5788591121,592.4393623879794
2239,137.2847368708,612.3181154919394
2240,2581.6005084034,583.3742854120794
2241,32.729788346,573.2148603203393
2242,32.9081196897,567.6204024843994
2243,22.7028455177,561.4451997655194
2244,56.144533865,545.2171591643594
2245,2400.4142732767,508.97991213901935
2246,16.7227678347,505.77850803675926
2247,20.574113431,503.3117067850193
2248,30.13148241,504.7974341634793
2249,54.4208431604,504.4526960225594
2250,2429.69353217,510.30854780121933
2251,41.314278945,515.2268500232793
2252,37.4245488667,518.5969371104194
2253,71.5246887617,526.8755783807594
2254,78.650181545,531.7214460576794
2255,2460.999706778,537.9826809792794
2256,52.200606692,540.1599465286794
2257,34.651801076,539.6053969705393
2258,26.517760797,530.6040113775994
2259,19.503341943,518.7746434571993
2260,2479.5658730394,522.4878767094793
2261,55.112112372,523.0701778454793
2262,31.656469697,522.4711115696794
2263,40.273879876,525.2223353854794
2264,32.950664916,527.9117999800793
2265,2586.8340866037,549.3654426929394
2266,44.425169725,547.2280541635394
2267,39.984210987,548.8936024215393
2268,60.7336129744,552.9855490412194
2269,55.687684247,557.5329529074194
2270,2535.854615693,547.3370587252793
2271,83.2541234227,555.1028494648193
2272,116.497249755,570.4054572184193
2273,100.159873676,578.2907093587394
2274,48.9451437037,576.9422012500794
2275,2658.770752934,601.5254286982794
2276,77.896413745,600.4538867627393
2277,51.9603355747,587.5465039266794
2278,62.925297725,580.0995887364794
2279,48.366093615,579.9837787187394
2280,2630.4563846677,574.3209050654793
2281,33.517219212,565.4450661588794
2282,48.306478698,564.7142947835393
2283,53.88112722,562.9054606825393
2284,27.444957312,558.7212334219394
2285,2629.4319066851,558.5163378254193
2286,43.191097468,560.4511134766193
2287,63.788992051,563.5476161472193
2288,52.65353859,563.3020984212193
2289,31.864294437,564.1859658462193
2290,2664.476462621,571.1948770333994
2291,36.557113223,569.8680801843994
2292,30.1759073427,563.1454632427393
2293,22.564647867,557.1276850981394
2294,20.53927517,554.8626812447394
2295,2797.125359853,581.3924606911394
2296,36.86334761,581.4537075685394
2297,47.751280114,584.9687821227994
2298,35.694345349,587.5947216191994
2299,27.341431631,588.9551529113994
2300,2717.1003972577,572.9501603923393
2301,28.34513198,571.2465172663394
2302,18.151788092,565.3266188619393
2303,41.780563736,566.5438625393393
2304,24.269268671,565.9294299473394
2305,2749.954940155,572.5003385267994
2306,27.784315322,572.3881751951993
2307,50.873595695,578.9325367157993
2308,32.45121275,577.0666665185993
2309,30.2644178987,578.2656963641393
2310,2756.160719953,579.5068523237394
2311,30.48055429,580.0461001173393
2312,23.87449389,574.6462797563393
2313,29.10933218,573.9779036423395
2314,43.369379146,576.5988958917994
2315,2747.4664778437,574.8600474699394
2316,22.969406151,573.3578178421394
2317,33.70482558,575.3238841801394
2318,27.33565145,574.9691480341394
2319,31.446492422,572.5845706893394
2320,2813.264262628,585.7441276461993
2321,32.288452342,587.6079368843994
2322,33.823946029,587.6317609741993
2323,50.216916193,592.2080139227994
2324,34.079975919,592.7347106221994
2325,2738.343469922,577.7505520809993
2326,24.181172686,576.1290961497995
2327,38.66500307,577.0973075579993
2328,30.851886146,573.2243015485994
2329,33.024875009,573.0132813665994
2330,2757.949671513,576.9345216847994
2331,26.303186408,577.3589244291993
2332,58.911642973,581.4082524097994
2333,50.857265011,585.4093281827993
2334,76.032599822,594.0108731453994
2335,2714.650810654,585.3511009735994
2336,45.50140046,589.1907437839993
2337,38.452793716,585.0989739325994
2338,49.29045478,584.7856118863995
2339,43.623330278,578.3037579775994
2340,2680.886952257,571.5509862981993
2341,64.033606488,575.2574275037994
2342,49.0862761877,577.3841239981393
2343,48.605339132,577.2471008685393
2344,38.839992516,576.2904333161393
2345,2702.2417109317,580.5613850510792
2346,20.91004118,571.9366719894794
2347,39.132352267,569.9458872053393
2348,32.510903548,566.7270000885393
2349,21.090658723,563.1771333299394
2350,2722.968291919,567.3224495273994
2351,20.675915908,567.2756244729994
2352,25.207381817999998,564.4906303831993
2353,23.994276092,562.7873048919994
2354,22.262976046,563.0217683565994
2355,2701.634504416,558.7550108559993
2356,24.778062821,559.5754402385993
2357,28.819195071,560.2978028891994
2358,89.570164906,573.4129806519993
2359,65.219825734,582.0043505895993
2360,2849.763703672,611.6301904407993
2361,45.291182017,615.7328142799994
2362,17.848233239,613.5386219135993
2363,20.49542208,599.7236733483993
2364,17.056171954,590.0909425923993
2365,2802.447773888,580.6277566355993
2366,45.719948609,580.7135099539993
2367,25.39810344,582.2234839941993
2368,36.61988194,585.4483759661993
2369,33.59245311,588.7556321973993
2370,2777.154938373,583.6970650943992
2371,25.38799199,579.6306737705993
2372,23.85551934,579.3221569505993
2373,27.789785467,577.5561376559992
2374,34.942857499,577.8262185337993
2375,2986.867756452,619.7687821495994
2376,52.2824061727,625.1476649861394
2377,32.925136152,626.9615883485394
2378,24.10201844,626.2240349431394
2379,26.523182054,624.5400998541393
2380,3185.221831267,664.2109148171394
2381,42.665629415,662.2875594655993
2382,24.639248535,660.6303819421994
2383,29.87391035,661.7847603241994
2384,48.32921644,666.1459672013995
2385,3110.925129037,651.2866267553993
2386,18.197763448,646.3930535619994
2387,30.274960931,647.5201960411994
2388,36.002857536,648.7459854783993
2389,35.869293111,646.2540008125993
2390,3039.351246523,631.9392243097993
2391,26.148040083,633.5292796367994
2392,36.9973034637,634.8737481433394
2393,69.7954541317,641.6322674624794
2394,52.601542049,644.9787172500794
2395,2904.139880879,617.9364441212794
2396,28.1590283314,618.3386417709593
2397,43.3730849637,619.6137980709593
2398,61.298292142,617.9143656730193
2399,29.36898986,613.2678552352194
2400,2817.650201088,595.9699192770194
2401,22.278409848,594.7937955803394
2402,20.632781832,590.2457349539993
2403,19.020229634,581.7901224523994
2404,26.396802484,581.1956849771993
2405,2822.58837252,582.1833192635994
2406,24.326578609,582.5929530157994
2407,21.84172197,582.8347410433995
2408,35.398317438,586.1103586041994
2409,30.967817251,587.0245615575993
2410,2710.646442485,564.6361755505993
2411,27.3041819207,565.2316962129394
2412,32.53635236,567.3706222909393
2413,35.201091692,567.3311771417393
2414,37.09665075,568.5569438415394
2415,2674.703244896,561.3683043237394
2416,19.949790988,559.8974261371993
2417,18.120557064,557.0142670779994
2418,31.01336523,556.1767217855994
2419,21.574524127,553.0722964609993
2420,2683.9606817684,554.9237838354793
2421,23.36224959,555.6062755558793
2422,22.81130054,556.5444242510792
2423,21.3135477,554.6044607450792
2424,24.710348953,555.2316257102793
2425,2695.4555035207,557.5305900607393
2426,18.93019304,556.6441787507395
2427,20.2676305,556.1354447427394
2428,20.94630027,556.0619952567394
2429,20.017918403,555.1235091467394
2430,2672.198228058,550.4720540541994
2431,18.995155562,550.4850465585994
2432,19.206081649999998,550.2727367885993
2433,26.66246937,551.4159706085993
2434,24.432636347,552.2989141973993
2435,2759.766070737,569.8124827331993
2436,27.914817716,571.5964151639994
2437,18.010667949,571.3573324237993
2438,17.0923353,569.4433056097994
2439,15.345578926,567.6258941255994
2440,2787.245787711,573.1218375203994
2441,26.070920101,572.7530579973993
2442,33.044844658,575.7598933391994
2443,32.79677567,578.9007814131994
2444,34.764808085,582.7846272449995
2445,2815.550193974,588.4455084975995
2446,32.938748678,589.8190742129995
2447,33.980276391,590.0061605595995
2448,28.268159069,589.1004372393994
2449,31.938378481,588.5351513185994
2450,2814.026612818,588.2304350873994
2451,16.147536487,584.8721926491993
2452,21.685614055,582.4132601819995
2453,20.2352354817,580.8066754645395
2454,19.472221062,578.3134439807393
2455,2702.0537950155,555.9188804202392
2456,19.758686865,556.6411104958394
2457,27.516998579,557.8073874006393
2458,18.808071956,557.5219546954993
2459,24.058704056,558.4392512942993
2460,2730.8510831728,564.1987089257593
2461,34.99731578,567.2464347087594
2462,31.94574223,568.1321834389594
2463,23.481348407,569.0668387291593
2464,53.263426213,574.9077831605593
2465,2711.122278781,570.9620222821993
2466,35.346295526,571.0318182313994
2467,28.12050955,570.2667716953994
2468,31.270995565,571.8247011269993
2469,43.79589632,569.9311951483993
2470,2737.739885551,575.2547165023992
2471,42.02012318,576.5894820331993
2472,23.629467055,575.6912735341991
2473,16.181873547,572.6734491305992
2474,19.88109326,567.8904885185992
2475,2720.52362017,564.4472354423992
2476,23.15864833,560.6749404723992
2477,15.954073466,559.1398617545993
2478,27.59293095,561.4220732351993
2479,26.570812687,562.7600171205993
2480,2739.173837939,566.4900606743993
2481,51.393927503,572.1371165089993
2482,59.0564753137,580.7575968785392
2483,22.410163939,579.7210434763392
2484,22.345486915,578.8759783219392
2485,2722.0947926394,575.4601692620192
2486,23.817682824,569.9449203262192
2487,24.400588608,563.0137429850794
2488,23.36888745,563.2054876872793
2489,22.0157001607,563.1395303364193
2490,2686.283645191,555.9773008467392
2491,26.639657911,556.5416958641392
2492,19.7443821,555.6104545625392
2493,39.368004067,558.8102778859392
2494,28.256118472,560.0583615481993
2495,2797.374500296,582.2765325691993
2496,26.805833772,582.3097677413992
2497,36.959147551,585.7527208315994
2498,18.6370991,581.6065398381993
2499,24.59367654,580.8740514517992
2500,2813.382245428,584.0756004781992
2501,30.814085252,584.8772507741993
2502,22.06509697,581.8984406579992
2503,23.902744505,582.9515697389993
2504,31.84133876,584.4011021829992
2505,2874.644780958,596.6536092889993
2506,28.7945921277,596.2497106641392
2507,25.241167589,596.8849247879392
2508,36.354413914,599.3752586697392
2509,22.832582093,597.5735073363393
2510,2798.983510014,582.4412531475393
2511,24.5672903,581.5957927819993
2512,23.15339897,581.1782390581993
2513,29.475246094,579.8024054941993
2514,22.388429255,579.7135749265992
2515,2732.3154464441,566.3799622126193
2516,30.175425541,567.5015892608193
2517,21.089723741,567.0888542150193
2518,20.970259247,565.3878568456192
2519,23.201402103,565.5504514152192
2520,2714.041718671,561.8957058605993
2521,50.58977055,565.9785748623992
2522,27.37240737,567.2351115881993
2523,19.949412945,567.0309423277993
2524,28.192436464,568.0291491999993
2525,2709.767254961,567.1742564579993
2526,20.0140045437,561.0591032567393
2527,14.9825904224,558.5811398672192
2528,29.318750583,560.4550073948193
2529,16.977668307,558.2120537634194
2530,2695.8334328737,555.4252893459593
2531,16.851606508,554.7928097388192
2532,22.0533141797,556.2069544902793
2533,18.890769259,554.1213582254793
2534,27.865222167,556.2988689974793
2535,2687.35585026,554.6033524747393
2536,19.890123617,555.2110558965393
2537,43.130024872999996,559.4263980351992
2538,35.4551997057,562.7392841245393
2539,23.77686934,561.9216135591392
2540,2740.580000317,572.5664435705393
2541,72.676051893,583.1236292257393
2542,79.1665000884,590.3309242688193
2543,52.120154911,593.6639153098793
2544,74.987330915,603.9060076248793
2545,2711.881077282,598.1662230178792
2546,150.635341575,613.7580809542793
2547,114.232866391,620.7713542147993
2548,90.532171421,628.4537575167993
2549,33.9036713967,620.2370256131393
2550,3342.2273956957,746.3062892958793
2551,36.587852591,723.4967914990793
2552,15.872665618,703.8247513444792
2553,25.198768042,690.7580706686792
2554,24.4355383687,688.8644440630793
2555,3164.1868129874,653.2563275214193
2556,23.6681763661,650.6723922764393
2557,20.202891736,651.5384375000392
2558,34.947965037,653.4882768990393
2559,37.4197249369,656.0851142126793
2560,2753.880341848,574.0238199847993
2561,45.7391989471,578.4380245009993
2562,40.0626620367,582.4099785611394
2563,61.9714023787,587.8146660294793
2564,66.4569699264,593.6221150273793
2565,2707.423463745,584.3307394067792
2566,65.315897916,588.2460792005593
2567,46.179443828,589.4694355588192
2568,54.543212423,587.9837975676792
2569,21.8182650837,579.0560565991393
2570,2731.1869975258,583.8087633552993
2571,31.190042997,576.9835923714993
2572,38.498240846,575.4473517750993
2573,33.059263066,571.1505619036993
2574,29.4651377957,572.6799364460993
2575,2899.9354482307,606.4296265870793
2576,50.048808678,610.2013797232793
2577,32.5308730437,609.0079061628193
2578,24.37357027,607.2707676036193
2579,42.2642328664,609.8305866177592
2580,3000.449731707,629.9334433130192
2581,47.740926647,629.4718669068192
2582,68.6836233944,636.7024169769592
2583,61.1296873407,644.0536403910992
2584,25.4814641864,640.6970866550993
2585,2837.9567207054,608.1984844547793
2586,89.197120599,616.4897232451792
2587,64.290465544,615.6110916750993
2588,39.267242128,611.2386026325593
2589,47.649978049,615.6723054050792
2590,2920.9459178477,632.2701448335392
2591,76.8652858637,629.8037778864793
2592,74.530243337,631.8517334450792
2593,102.7445490987,644.5471948392193
2594,47.454196533,644.5080385360193
2595,2912.456020774,642.8100591212793
2596,60.1190974497,639.4608214384792
2597,52.0535698357,634.9654867382194
2598,64.860026429,627.3885822042793
2599,23.87816191,622.6733752796792
2600,2859.959162401,612.1740036050793
2601,33.40550348,606.8312848111393
2602,32.472958066,602.9151624571992
2603,35.299948315,597.0031468343993
2604,27.7802849,597.7835714323993
2605,2815.458592602,588.8834574725993
2606,29.459776036,588.0943119837993
2607,35.841692737,588.7680589179993
2608,25.034530712,586.7149753973993
2609,32.488443468,587.6566071109993
2610,2794.041858964,583.3732603833993
2611,19.900212257,581.4613476275993
2612,26.555532421,579.6041155643992
2613,24.865999745,579.5704093709993
2614,25.144388863,578.1015984499993
2615,2776.89305005,574.6718366671993
2616,27.467539872,576.1853021901993
2617,16.157460228,574.1056877515992
2618,33.6446192,575.8614116425994
2619,22.361304731,575.3047948161993
2620,2770.326212808,573.9914273677994
2621,30.299571954,574.5578337841993
2622,25.03533199,576.3334081365994
2623,37.2863155325,577.0617474030993
2624,35.1314964387,579.6157857446393
2625,2825.987445326,590.7480322482393
2626,126.185614553,609.9252407680393
2627,283.681182524,661.6544108748392
2628,186.805704235,691.5582886153393
2629,31.161198661,690.7642290597993
2630,3160.452313261,757.6572026467993
2631,47.342829897,741.8886457155993
2632,22.30929111,689.6142674327992
2633,30.221540191,658.2974346239993
2634,24.0510927817,656.8754134481394
2635,2939.383179312,612.6615866583393
2636,36.044265586,610.4018737961394
2637,22.731855828,610.4863867397393
2638,20.489863773,608.5400514561393
2639,19.849159692,607.6996648381993
2640,2767.591863042,573.3414015841993
2641,26.860769069,571.5047022807993
2642,22.39392594,571.4371163031993
2643,43.87035736,576.1132150205993
2644,17.089177547,575.5612185915993
2645,2668.765655317,555.7959770465993
2646,22.68317505,554.9604582427993
2647,16.85271562,553.8522161787993
2648,21.3654663677,549.3512379803393
2649,48.538975238,555.6411975185392
2650,2734.139012683,568.7158689917393
2651,23.297933641,568.8388207099392
2652,64.745664659,578.4174105177393
2653,117.114383451,597.5671939343993
2654,19.239413419,591.7072815705993
2655,2774.431289995,599.7657370329993
2656,32.047045618,601.5155594283993
2657,23.107526,593.1879316965992
2658,24.7203684677,574.7091286999392
2659,25.21545795,575.9043376061393
2660,2741.221722723,569.2624241517393
2661,51.829442097,573.2189034475393
2662,21.637553378,572.9249089231394
2663,18.011391543,571.5831135381993
2664,13.926410216999999,569.3253039915992
2665,2676.02310545,556.2855805369993
2666,24.377042583,550.7951006341992
2667,21.0924885277,550.6860876641392
2668,31.6858495807,553.4209792716792
2669,31.8848908,557.0126753882793
2670,2662.592572198,554.3265687378793
2671,23.506444302,554.1524490816794
2672,28.42413072,555.6187775201394
2673,22.3316783077,553.7479432655393
2674,20.230083315,551.4169817685394
2675,2706.449972989,560.1884619267393
2676,72.76448166,570.0400693983393
2677,24.14598215,569.1844396843392
2678,20.993799861,568.9168639949993
2679,19.866784305,568.8442041929992
2680,2704.781672297,568.5105440545992
2681,25.60095496,559.0778387145992
2682,34.281391786,561.1049206417994
2683,29.6594668267,562.8380540349392
2684,36.414731177,566.1476434093393
2685,2670.30207157,559.2517232639392
2686,23.059595453,558.7434513625392
2687,30.47951045,557.9830750953391
2688,22.449429601,556.5410676501992
2689,26.591590107,554.5764394361993
2690,2541.111408522,528.7383068265992
2691,15.846721945,527.2957321249993
2692,18.45126076,524.8900821869993
2693,20.869116493699998,524.5740195655392
2694,20.25132265,523.3059660741393
2695,2532.303289102,521.5443421901392
2696,17.05044457,521.7850867151392
2697,92.2259156337,536.5400176898792
2698,29.83624046,538.3334424831393
2699,23.901646502,539.0635072535392
2700,2547.0889870364,542.0206468404192
2701,39.440911248,546.4987401760193
2702,12.348113981,530.5231798454793
2703,33.974625279,531.3508568092792
2704,31.9325776,532.9570430288793
2705,2545.768479732,532.6929415679992
2706,47.180245976,534.2408085135993
2707,29.07375623,537.5859369633993
2708,46.15478035,540.0219679775993
2709,32.187936299,540.0730397173992
2710,2586.7366953167,548.2666828343392
2711,21.526437976,543.1359212343393
2712,21.525223839,541.6262147561392
2713,16.0689895537,535.6090565968792
2714,19.1016584787,532.9918010328194
2715,2598.917493651,535.4279606996793
2716,31.45991171,537.4146554464793
2717,32.170090425,539.5436287636792
2718,40.537278798,544.4372866125393
2719,26.3625401627,545.8894629493392
2720,2637.4717661147,553.6003174420792
2721,32.922840075,553.8929031150792
2722,22.60370076,551.9796251820793
2723,22.760982712,548.4243659648794
2724,26.122003092,548.3762585507393
2725,2614.672922213,543.8164897703994
2726,22.912012613999998,541.8143242781994
2727,45.418842234,546.3773525729993
2728,47.271768622,551.2795097549993
2729,21.513382521,550.3577856407993
2730,2678.041589802,563.0315191585993
2731,19.77811642,562.4047399197992
2732,20.0901913,557.3390097329992
2733,21.6806714537,552.2207902993393
2734,23.1777236,552.5536585151392
2735,2601.410582216,537.2274569979393
2736,34.005173294,540.0728683727392
2737,30.414079666,542.1376460459393
2738,39.1693985557,545.6353914663392
2739,22.459866104,545.4918199671392
2740,2570.818631342,539.3734297923393
2741,21.84580255,536.9415556435392
2742,16.5698927527,534.1727182608793
2743,22.801684033,530.8991753563394
2744,42.526981763,534.9125984881393
2745,2580.19527925,536.7879280697393
2746,25.988954226,537.6165584049393
2747,25.623382207,539.4272562957993
2748,27.11495252,540.2899099931993
2749,25.345401722,536.8535939849993
2750,2504.873456326,521.7892294001992
2751,36.330531483,523.8575448515993
2752,57.545455618,530.2419595337993
2753,56.487563543,536.1164817383993
2754,32.70020895,537.5874431839993
2755,2518.975861538,540.4079242263994
2756,23.606745166,537.8631669629993
2757,22.970941219,530.9482640831993
2758,25.884944076,524.8277401897993
2759,15.340962421,521.3558908839993
2760,2562.314027312,530.0235240387992
2761,18.38380762,528.9789365295992
2762,18.61294682,528.1073376497992
2763,15.161950573,525.9627389491992
2764,29.38280594,528.7711076529993
2765,2547.009065621,525.7101153147993
2766,12.77016737,524.5873872647992
2767,15.884669970000001,524.0417318947992
2768,14.92298361,523.9939385021992
2769,22.039180436,522.5252134013992
2770,2563.325475043,525.7884952857993
2771,33.644984555,529.9634587227994
2772,34.441710829,533.6748668945993
2773,25.2245790724,535.7351859870794
2774,55.2576262087,542.3788751416193
2775,2675.358749178,564.7855299686192
2776,23.319754496,562.7204839568192
2777,20.2557140084,559.8832845926993
2778,34.08921924,561.6562126262193
2779,96.80825679,569.9663387424793
2780,2664.549916218,567.8045721504793
2781,207.756048534,604.6918309580793
2782,99.865306267,620.6137494097993
2783,101.509101799,634.0977259215992
2784,19.171430153,618.5703605941992
2785,2829.750227549,651.6104228603992
2786,15.54929361,613.1690718755992
2787,15.686004947,596.3332116115993
2788,24.183385631,580.8680683779993
2789,24.236139608,581.8810102689993
2790,2717.3426302687,559.3994908129392
2791,44.3998181347,565.1695957178792
2792,30.25500685,568.0833960984793
2793,22.653292221,567.7773774164792
2794,28.968984679,568.7239464306792
2795,2674.984568145,560.2523340059394
2796,26.376077724,556.6475859237993
2797,29.39640304,556.4758651617993
2798,27.546608111,557.4545283397994
2799,31.310820292,557.9228954623993
2800,2708.249788184,564.5759394701993
2801,23.21643811,563.9440115473992
2802,52.5883780637,568.5824065521392
2803,58.236395775,574.7203640849392
2804,27.139138025,573.8860276315393
2805,2678.381886848,567.9124473643392
2806,20.099521867,567.2890641157392
2807,21.595996,561.0905877029992
2808,21.257239358,553.6947564195991
2809,22.595207135,552.7859702415992
2810,2708.062138904,558.7220206527993
2811,22.72067798,559.2462518753994
2812,28.14221971,560.5554966173993
2813,34.159958807,563.1360405071994
2814,24.500539345,563.5171069491993
2815,2593.629872741,540.6306537165992
2816,27.288659308,541.5442499821993
2817,24.6107235657,540.8379507533392
2818,20.974867,538.2009323919393
2819,21.202404946,537.5413055121392
2820,2501.947883834,519.2049077307393
2821,18.812420349,517.5096599389392
2822,18.19024377,516.2255639797993
2823,17.7134571137,515.5732820025393
2824,16.614702412,514.6557414957393
2825,2612.731691374,536.8125030037393
2826,40.0621046867,541.0624398712793
2827,21.621766014,541.7487443200793
2828,28.0537083,543.8167945573393
2829,19.84259077,544.4623722289393
2830,2476.5231027027,517.2206544946793
2831,34.38317305,516.0848681673393
2832,13.197022159,514.3999193963393
2833,288.0400555744,566.3971888512193
2834,45.264491924,571.4815690820193
2835,2693.5748455407,614.8919176496194
2836,61.862265317,620.3877361030193
2837,35.834493738,624.9152304188193
2838,33.639284534,574.0350762107394
2839,32.1005504474,571.4022879154193
2840,2587.309485274,550.1492158620792
2841,42.751912155,546.3271452296792
2842,40.507788152,547.2618041124794
2843,37.603745434,548.0546962924793
2844,38.12529358,549.2596449189994
2845,2900.501512591,611.8980503823993
2846,52.078668848,613.7634017209992
2847,40.568244036,613.7754928977993
2848,57.168581628,617.6884601365994
2849,46.665430254,619.3964874713993
2850,3084.359780809,656.1681411149992
2851,43.513929376,654.4551932205993
2852,81.14542848,662.5706301093993
2853,45.388472112,660.2146082061993
2854,39.3804654677,658.7576152489393
2855,2910.7137046957,624.0284000262793
2856,96.0634903769,634.5383122264593
2857,111.2925184817,640.5677302267993
2858,40.904022472,639.6708402987994
2859,47.511850237,641.2971172526593
2860,2751.3254591287,609.4194681392593
2861,73.216744635,604.8501189908792
2862,65.3095193647,595.6535191674792
2863,56.7374415271,598.8202029784992
2864,128.151251917,614.9480833144993
2865,2992.494253374,663.1818421635593
2866,81.033504257,664.7451940879594
2867,79.957021935,667.6746946020193
2868,79.220545802,672.1713154569993
2869,146.0630840567,675.7536818849393
2870,2878.860945574,653.0270203249394
2871,40.820079012,644.9843352759393
2872,40.747336285,637.1423981459394
2873,45.866237021,630.4715363897393
2874,48.638953047,610.9867101877993
2875,2851.017224392,605.4179659513993
2876,80.406333752,613.3352168993994
2877,54.48004127,616.0817578963993
2878,39.388494883,614.7862094687993
2879,90.946222728,623.2476634049992
2880,2995.233461428,652.0909108121992
2881,43.696530893,644.7489502403992
2882,72.644113454,648.3817646771993
2883,121.969407104,664.8979471213993
2884,263.134549652,699.3356125061993
2885,2821.1690517794,664.5227305764793
2886,43.749283375,664.5332810728793
2887,54.566329243,660.9177242306794
2888,58.732342119,648.2703112336792
2889,30.271774011,601.6977561054794
2890,2736.478253006,584.7595963507994
2891,42.63729813,584.5371993017994
2892,35.025721348,580.6290777227994
2893,36.511897861,576.1849888711993
2894,36.488787386,577.4283915461994
2895,2649.585691844,560.0498793137992
2896,68.002231411,565.1228659699993
2897,33.835473337,564.8848163677992
2898,40.064030193,565.5952428341993
2899,32.286011646,564.7546876861993
2900,2668.973944964,568.6323383101993
2901,83.91361255,571.8146145379993
2902,53.6532322607,575.7781663227394
2903,35.12090601,574.7895414861393
2904,34.801928793,575.2927249155393
2905,2690.16414516,579.5307649547392
2906,35.4892399507,569.8458904348793
2907,31.899332597,565.4951105021393
2908,82.534749857,574.9778792715392
2909,45.511361759,577.1197658647392
2910,2739.2714074617,586.9412183250793
2911,42.365482823,588.3164668995394
2912,42.518381559,590.4402766919393
2913,36.96907818,581.3271423565393
2914,35.896492445,579.4041684937393
2915,2592.611029535,550.0720929083993
2916,41.178610356,549.8347184149992
2917,96.81231568,560.6935052391993
2918,74.3157186607,568.1628333353393
2919,146.5595917087,590.2954531880793
2920,2318.844415732,535.5421304274793
2921,40.764232567,535.4592548696793
2922,81.0808854977,532.3129688332192
2923,121.974245719,541.8446742448792
2924,88.918034401,530.3163627833393
2925,3102.9826494477,687.1440095264793
2926,79.69240589180001,694.9296441914393
2927,40.051263361,686.7237197640993
2928,36.392545743,669.6073797688994
2929,35.322754119,658.8883237124993
2930,3347.462028291,707.7841994811592
2931,41.344197749,700.1145578525993
2932,36.85323729,699.4749526383993
2933,31.8643588987,698.5693152695392
2934,77.15001362699999,706.9347671711392
2935,3386.957534713,714.8338684555392
2936,30.661934014,712.6974157085392
2937,34.5620997197,712.2391881944792
2938,42.4188280797,714.3500820306792
2939,49.6353824697,708.8471557992192
2940,3386.5475076284,708.7651503822992
2941,249.32887736,752.4985390514993
2942,285.050810491,802.5962812057593
2943,49.81947003,804.0764095958192
2944,39.085503667,801.9664338352793
2945,3681.270835993,860.9110995081992
2946,30.744348233,817.1941936827992
2947,30.892932601,766.3626181047994
2948,61.6635779387,768.7314396865393
2949,43.8110093107,769.6765408152794
2950,3160.0488081727,665.4321352512193
2951,37.1142772054,666.7061210456993
2952,79.1711548558,676.3617654966592
2953,71.499028634,678.3288556357193
2954,40.8709001327,677.7408338001193
2955,2996.8224195087,645.0955560673193
2956,51.588127393,647.9903261048393
2957,70.771522234,646.3103995804793
2958,36.4148385057,639.2935615548192
2959,83.637548973,647.8468913228793
2960,2687.090617647,585.9005309505393
2961,51.418303586,585.8665661891393
2962,36.9879279067,579.1098473236792
2963,34.6644996334,578.7597795492193
2964,31.2169761594,568.2756649864992
2965,2466.0791910034,524.0733796577792
2966,60.1150600061,525.8127309417993
2967,45.122131483,527.4395716570592
2968,47.411902662,529.9890522627793
2969,58.21527053,535.3887111368992
2970,2508.9023086091,543.9533346580394
2971,117.047108027,555.3397442622193
2972,58.134773854,557.9422727364193
2973,243.7852386747,597.2169399389593
2974,70.461681022,599.6662220373594
2975,2681.6424819687,634.2142567092793
2976,38.433850719,618.4916052476793
2977,93.2375509094,625.5121606587593
2978,51.3431406764,587.0237410590993
2979,48.3051024852,582.5924253517393
2980,2600.0193195142,566.2677928608393
2981,76.3054184141,573.8421063998593
2982,40.901817401,563.3749596981793
2983,63.019284784,565.7101885196993
2984,83.356199129,572.7204078484593
2985,2673.859579857,587.4884599170193
2986,84.294252825,589.0862267991993
2987,42.8264777667,589.4711588723393
2988,51.892286999,587.2457593153393
2989,57.4756770287,582.0696548952793
2990,2482.9020829997,543.8781555238193
2991,37.262754542,534.4718558672192
2992,37.695155466,533.4455914070793
2993,40.7951760577,531.2261692188192
2994,38.4111941484,527.4132726427592
2995,2557.7693436264,542.3867247680993
2996,97.2114307061,554.3764600009192
2997,71.3634625947,561.1101214266592
2998,32.249304958,559.4009472067194
2999,58.617478218,563.4422040206392
3000,2719.7800977037,595.8443548360992
3001,48.955809898,586.1932306744792
3002,46.454825401,581.2115032357393
3003,60.41098976,586.8438401961391
3004,44.543361573,584.0290168671393
3005,2717.2222651277,583.5174503519394
3006,43.750233797,582.4763351317393
3007,46.515190142,582.4884080799393
3008,97.879653754,589.9821408787394
3009,45.0866856077,590.0908056856794
3010,2750.415084694,596.7293695989393
3011,44.838031342,596.9469291079392
3012,52.664523425,598.1767957645394
3013,47.2358054397,588.0480261016793
3014,38.3467190167,586.7000327834793
3015,2753.914786042,587.3999730530793
3016,45.411981620999995,587.5147631088793
3017,40.857638666,585.1533861570792
3018,38.5300715917,583.4122393874793
3019,32.700535348,582.2830026537392
3020,2683.2929014017,568.1586257256793
3021,43.2499643737,567.7262222762193
3022,47.176836791,568.9900619012193
3023,39.3877643257,569.1616004480194
3024,35.255513018,569.6725959820193
3025,2625.7676738647,558.1675504746192
3026,120.26729256,573.5710161118793
3027,80.9465485027,580.3249584542193
3028,45.7254103027,581.5924876496193
3029,47.652487236,584.0718824932193
3030,2668.3808030094,592.5945083221593
3031,142.60373558,597.0617969261592
3032,56.24926936,592.1223410976193
3033,41.588977392,591.2950545154793
3034,53.0380714164,592.3721713515594
3035,2602.5144025967,579.1988912690193
3036,71.073766213,564.8928973956193
3037,54.1483593387,564.4727153913593
3038,49.059488565,565.9668176259594
3039,51.019183524,565.5630400474793
3040,2542.713439757,553.6028474795392
3041,98.764761454,559.1410465277393
3042,37.413493738,555.7940734075992
3043,38.133362594,553.6088482133993
3044,31.091046361,549.6232207807992
3045,2603.028288571,561.6861905435992
3046,48.590121295,551.6512625117991
3047,63.183921423,556.8053480487993
3048,36.94348445,556.5673724199992
3049,31.085631376,556.5662894229993
3050,2601.6418258134,556.2889968714792
3051,34.006521377,553.3722768878793
3052,35.49564313,547.8346212292793
3053,37.780502916,548.0020249224792
3054,38.6779453627,549.5204877198192
3055,2518.609025765,532.9139277101392
3056,32.657107335,532.6440449017393
3057,35.428163875,532.6305490507392
3058,33.5541276,531.7852739875392
3059,33.24072213,530.6978293409992
3060,2462.7738390037,519.5307919887392
3061,34.018857086,519.8031419389392
3062,34.70433546,519.6583762559392
3063,33.384647361,519.6244802081393
3064,34.731658685,519.9226675191392
3065,2399.902493628,507.3483984439992
3066,30.985053775,506.74163778179917
3067,36.13081433,507.02693355579925
3068,37.658391718,507.8816824271992
3069,33.884363607,507.7122234115992
3070,2347.385386941,497.20880207419924
3071,33.631910986,497.7381735163993
3072,40.770069638,498.66602457799917
3073,33.503257148,497.83499766399916
3074,34.726602523,498.0034454471993
3075,2474.2377575537,523.3739195697392
3076,46.491823693,525.9459021111392
3077,37.8909782907,525.3700838416793
3078,34.834756444,525.6363837008793
3079,44.7668233317,527.6444278626193
3080,2602.801736184,553.3572235886793
3081,89.232237431,561.9053063362794
3082,52.214741026,564.7700588833393
3083,35.608043076,564.9247162097392
3084,39.3015073277,563.8316530089394
3085,2564.576709837,556.1866477395394
3086,47.357804052,547.8117610637394
3087,44.158543288,546.2005215161392
3088,42.67820706,547.6145543129394
3089,42.180141215,548.1902810903993
3090,2587.313697419,552.7376786067992
3091,52.775809959,553.8212797881993
3092,46.433338071,554.2762387447993
3093,53.889363364,556.5184700055993
3094,55.77389468,559.2372206985993
3095,2820.313178003,605.8371168153992
3096,49.08924014,605.0998028515993
3097,140.14016538,623.8411683133993
3098,37.333234394,620.5299425193992
3099,69.440304631,623.2632245095992
3100,3136.646690848,686.5299270785993
3101,39.115822813,684.5352436131992
3102,29.797128177,662.4666361725992
3103,72.3366865787,669.4673266095393
3104,63.083873723,668.1960404279392
3105,3084.8595634077,657.8386149398792
3106,46.956690864,659.4067885500792
3107,46.271823516,662.7017276178792
3108,70.418196894,662.3180296809393
3109,45.268359938,658.7549269239393
3110,2889.24693718,619.6324016783992
3111,49.644985673,620.1700606401993
3112,35.106567105,617.9370093579993
3113,51.3037716989,614.1141243189792
3114,43.1193712007,613.6843265715193
3115,2701.9262773467,576.2201946048592
3116,35.4973115457,573.3906597793992
3117,26.892689355,571.7478842293992
3118,28.800561448,567.2472421792193
3119,25.045367815,563.6324415020792
3120,2746.37611612,572.5224092567393
3121,161.278235921,597.6785941317992
3122,33.060617018,598.9121796643992
3123,32.20454933,599.5929772407992
3124,31.9132009427,600.9665438663393
3125,2591.697752372,570.0308711167393
3126,26.2978888654,543.0348017056193
3127,35.0474089391,543.4321600898394
3128,115.468438455,560.0849379148392
3129,49.77967233,563.6582321922994
3130,2460.8185369237,537.4823891026392
3131,35.811946064,539.3852005423593
3132,38.770309277,540.1297806099392
3133,45.75835648,526.1877642149393
3134,43.576602099,524.9471501687392
3135,2246.370552691,482.0575533221992
3136,40.073163575,482.9097968243992
3137,90.120796572,493.1798942833992
3138,36.8417831507,491.3965796175392
3139,32.716041423,489.22446748233926
3140,2201.565984622,480.2635538685393
3141,45.854451056,481.4198113647393
3142,35.60747072,470.5171461943393
3143,32.86078058,469.7209456801993
3144,36.223880264,470.42251344839934
3145,2108.308130953,451.7709427145993
3146,52.021093219,453.00427114719923
3147,45.302052145,454.9431874321993
3148,51.90388919,458.75180915419935
3149,58.606521582,463.22833741779925
3150,2128.046066546,467.1759245363993
3151,40.80623904,464.93295370059934
3152,29.599699267,461.7924831249992
3153,32.156719461,457.8430491791993
3154,38.688676715,453.8594802057993
3155,2169.886905602,462.22764801699924
3156,47.256185503,463.5176373095992
3157,48.858894313,467.3694763187993
3158,54.43365214,471.82486285459925
3159,35.720031372,471.2311337859993
3160,2152.561083532,467.7659693719993
3161,113.42057347,480.9988469653993
3162,73.27528406,485.88212491479925
3163,30.82638652,481.16067179079926
3164,33.84687936,480.78604138839927
3165,2382.429560769,526.7597368357993
3166,36.932174037,511.46205694919934
3167,37.688762017,504.34475254059936
3168,33.99676416,504.9788280685992
3169,36.311801815,505.4718125595993
3170,2522.684661492,533.5228327041993
3171,33.432816845,532.8229612657993
3172,36.12893945,532.5109967523993
3173,37.531668604,533.2179776411994
3174,36.011253363,533.1578679507993
3175,2341.4501229634,496.9109602450793
3176,75.596746795,505.34374623507927
3177,77.99412139,513.7167826230793
3178,44.27509406,515.0654677142793
3179,51.4710999974,518.1574370411593
3180,2279.350207969,505.7374540422793
3181,43.071875701,499.2324798234793
3182,41.986013658,492.0308582770793
3183,118.413906365,506.8586207380793
3184,37.746165142,504.11363376699927
3185,2203.612159168,488.9660240067992
3186,40.962647489,488.5441783643993
3187,32.247329738,486.5964415803992
3188,41.8750596337,471.2886722341392
3189,35.091340869,470.7577073795393
3190,2213.189343841,472.67314431413934
3191,32.7146628237,471.0235473810793
3192,30.951880623,470.76445755807936
3193,29.038793507,468.19720433273943
3194,44.612932873,470.10152273353935
3195,2094.56122864,446.3758996933393
3196,251.3645027057,490.10586766973927
3197,88.1008797217,501.53566748947935
3198,69.497176498,509.62734408767926
3199,50.625088183,510.82977514967934
3200,2280.959270464,548.1093835144793
3201,29.186061831,503.67369533953934
3202,1.7782087207,486.4091611393393
3203,51.3597541267,482.78167666507926
3204,13.722126957,475.4010844198792
3205,2323.5045151367,483.9101333544192
3206,28.241391642,483.72119931661916
3207,39.1731522052,491.20018801351927
3208,41.0027904998,489.12879528813926
3209,35.1592510975,493.41622011623923
3210,2346.914010384,498.09811916569925
3211,51.9380139468,502.8374436266592
3212,49.701691082399996,504.9431514020992
3213,32.0268247116,503.1479582444592
3214,36.209993954,503.3581068157593
3215,2353.8153195392,504.73836864679936
3216,40.5214636695,502.45505859133937
3217,33.8880720872,499.29233479229936
3218,32.8826012737,499.4634901047193
3219,35.1072347418,499.2429382622793
3220,2316.0976428619,491.6994029268193
3221,43.42819686,492.2807495649193
3222,45.7825491014,494.65964496775933
3223,50.2586026344,498.1348452398993
3224,61.1380201539,503.3410023223193
3225,2232.7964426664,486.6807622832192
3226,43.1621927087,486.62756145295924
3227,47.462353756,486.96352238387925
3228,38.1636781318,484.54453748335925
3229,34.5150244898,479.2199383505393
3230,2445.2410020817,521.7088502335994
3231,60.8579429077,525.2480002733994
3232,49.1973168571,525.5949928936194
3233,41.0986852391,526.1819943150792
3234,30.4471442084,525.3684182587992
3235,2350.8588434417,506.4919865307993
3236,33.0164657377,500.9236910967993
3237,32.4294725974,497.57012224485925
3238,3.2597441794,490.0023340329193
3239,37.497662319,491.4124376550393
3240,2323.484703605,485.9376096876993
3241,42.5986503105,487.8540466022593
3242,41.3218469264,489.6325214680593
3243,37.4760991538,496.47579246293924
3244,29.9316700601,494.9625940111593
3245,2131.5355828364,456.5727698574393
3246,33.0148276316,454.6560053216593
3247,55.7312401085,457.5378839580793
3248,39.0966374588,457.86199161907933
3249,29.1778047467,457.71121855639933
3250,2139.0339401534,459.21089001979936
3251,55.0410390646,463.61613230639944
3252,61.169520016,464.70378828789933
3253,60.908343233,469.0661294427393
3254,55.0866384422,474.24789618183934
3255,2057.7897518448,457.99905852011926
3256,41.7451912055,455.3398889482992
3257,59.3837464993,454.98273424495926
3258,60.4902643914,454.8991184766393
3259,45.8042467958,453.0426401473593
3260,2083.7285363441,458.2303970472193
3261,57.8104368352,461.4434461731594
3262,53.9458902494,460.3558749231793
3263,73.3904544211,462.93591292911935
3264,35.7157273589,460.91820904173926
3265,2034.701116666,451.1127251061192
3266,61.7135144793,451.89334063493925
3267,47.962787622099995,450.69672010947926
3268,51.6186678885,446.34236280295926
3269,50.0746209245,449.2141415160792
3270,2079.252498072,458.12441779727925
3271,41.46596908,454.0749087174192
3272,30.6391311377,450.6101774205393
3273,151.7059911118,470.6276420651992
3274,54.9260979914,471.5979374785793
3275,2068.8794785104,469.52333356625934
3276,35.57507852,468.34515545425927
3277,33.240169467,468.8653631201193
3278,42.3475834054,446.99368157883936
3279,25.6854854447,441.14555906949926
3280,2101.945992747,447.7588619168193
3281,35.202990404,447.6844442936193
3282,47.1872078524,450.47385197069923
3283,40.0359054974,450.01151638909926
3284,51.3256231868,455.1395439375193
3285,2016.4949231167,438.0493300114593
3286,79.4202459367,446.89278111799933
3287,98.188519982,457.09304354391935
3288,81.827791649,465.45142077423935
3289,37.8142479584,462.7491457285593
3290,2713.7382663347,602.1978143721592
3291,39.7363073965,594.2610266641192
3292,46.652572647,583.9538371971192
3293,41.2333379204,575.8349464513992
3294,37.0403052595,575.6801579116193
3295,2840.4890117904,601.0303070027593
3296,101.4247830637,613.3680021361994
3297,79.2634754247,619.8901826917393
3298,44.6043647007,620.5643880477994
3299,40.770603318,621.3104476594992
3300,2183.344218278,489.88148895701926
3301,41.299156683,477.85636368087927
3302,90.8583727241,480.1753431407592
3303,77.5732140429,486.7691130091992
3304,47.1578094391,488.0465542334193
3305,2085.517035828,468.4811177434193
3306,51.9371252065,470.60871144811927
3307,52.6697348927,462.9709838818393
3308,45.5546783381,456.5672767408793
3309,42.5974557534,455.6552060037393
3310,2097.636965059,458.07919184993926
3311,54.761612248,458.64408925823926
3312,39.244169129,455.9589761054993
3313,30.3134895124,452.9107383403592
3314,51.5221663137,454.6956804524193
3315,2575.7762582507,550.3235390907593
3316,29.128070242,545.1968306895593
3317,39.1046300174,545.1689228672393
3318,51.1299313891,549.3322112425793
3319,102.8221611895,559.5922102177392
3320,2546.0071360138,553.6383857703593
3321,50.6025657934,557.9332848806392
3322,42.4501456998,558.6023880171192
3323,81.1780226634,564.6120062719792
3324,34.4795331621,550.9434806664992
3325,2232.2105050967,488.18415448307934
3326,35.7042455937,485.20449044313926
3327,37.795029115,484.2734671261793
3328,40.174052577,476.07267310889927
3329,38.0695795137,476.7906823792193
3330,2173.2346386334,464.9955090865593
3331,37.517284856,465.35811693901934
3332,37.832675961,465.3656463082193
3333,44.6893284974,466.2687014922993
3334,45.14284013,467.68335361555927
3335,2215.7256177361,476.18154943609926
3336,49.65337592,478.6087676488993
3337,50.4411480167,481.1304620600393
3338,57.4758040335,483.6877571672593
3339,60.238353425,486.7068598262593
3340,2257.9728466802,495.15630561507925
3341,72.654485409,499.7565275128792
3342,50.8944663,499.8471911695392
3343,71.598171621,502.6716646870392
3344,72.646827997,505.1533596014392
3345,2353.065604003,524.1719110659992
3346,65.39318219,522.7196504221993
3347,15.5437338184,515.6495039258792
3348,39.6833080431,509.2665312102992
3349,61.6310129777,507.0633682064393
3350,2352.168435446,506.8839344950393
